Date,^GSPC,sigma_garch,var99_garch
2015-01-05,-1.844721353258727,1.0385372115489193,-3.241622488569184
2015-01-06,-0.8933254690700171,1.2447048412461692,-3.903153407341182
2015-01-07,1.1562735844876304,1.2105170845856585,-3.793455012362337
2015-01-08,1.773016812715569,1.1934874131824749,-3.7388118359030815
2015-01-09,-0.8439322147078786,1.2958276922750271,-4.0671915090598025
2015-01-12,-0.8126616843470486,1.247622010018395,-3.912513738742078
2015-01-13,-0.2581885435816322,1.202261990205891,-3.7669668571770814
2015-01-14,-0.583002896797565,1.1114573879043268,-3.4756017574400833
2015-01-15,-0.9290903004567546,1.0574759120808424,-3.302391174621541
2015-01-16,1.3334893186267298,1.0589128505399894,-3.3070018849473777
2015-01-20,0.1548752433400387,1.09986534615912,-3.438406325560641
2015-01-21,0.472046502218936,1.0101826906627334,-3.150641221137808
2015-01-22,1.5154313070630328,0.9424022327674786,-2.9331537879647196
2015-01-23,-0.5506656279301936,1.0486307586178276,-3.2740096944364123
2015-01-26,0.2565167998623274,0.9994222820162697,-3.1161142537923023
2015-01-27,-1.3478287815857577,0.9220461864681931,-2.867837258736993
2015-01-28,-1.358750281102202,1.0368319059249074,-3.2361506674210423
2015-01-29,0.948951705826357,1.1252716408371835,-3.5199276074692127
2015-01-30,-1.3077099006318498,1.091750949786878,-3.412369628649046
2015-02-02,1.2879170000215516,1.1567639484385732,-3.6209771039997327
2015-02-03,1.4336238577453098,1.1704544658365186,-3.6649059233106316
2015-02-04,-0.4164706572452961,1.2080246429785082,-3.785457504757555
2015-02-05,1.0238810710909236,1.1268957455341497,-3.52513887886979
2015-02-06,-0.342402761187852,1.1035401940496692,-3.4501978250552625
2015-02-09,-0.4256239310481708,1.0287903005206946,-3.210347535187031
2015-02-10,1.0618979554062369,0.9696005083694702,-3.020425006411674
2015-02-11,-0.0029034010158247,0.9785541125883821,-3.0491544729819378
2015-02-12,0.9598295065916026,0.9015908278886268,-2.8022020657883115
2015-02-13,0.4066459227779422,0.9057589481734206,-2.8155763304369423
2015-02-17,0.1596299697798396,0.8455736205320284,-2.6224594228522258
2015-02-18,-0.0314358623228748,0.7821053734926687,-2.4188085983340843
2015-02-19,-0.1062621715718928,0.7266620191576799,-2.2409072799414433
2015-02-20,0.6107842721055837,0.6804154370389384,-2.092515682269193
2015-02-23,-0.0303385211985694,0.669797100977889,-2.0584445838110557
2015-02-24,0.2754972468831103,0.6270717579850412,-1.9213516005604245
2015-02-25,-0.0766016963602602,0.5922321992873241,-1.8095617657121696
2015-02-26,-0.147711863025381,0.5608775344969259,-1.7089539242336642
2015-02-27,-0.296068304863237,0.5381582222869046,-1.6360543739879072
2015-03-02,0.6106238181133017,0.5336412090190009,-1.6215606149937838
2015-03-03,-0.4548872603817567,0.5489261514812447,-1.6706054725462212
2015-03-04,-0.4398161230154572,0.5653901921503232,-1.7234337073496613
2015-03-05,0.1195365251036088,0.5762530351404941,-1.7582893561938386
2015-03-06,-1.4275356362467069,0.5427006512912336,-1.6506296845597124
2015-03-09,0.3936662357975968,0.809877732526461,-2.507921880642609
2015-03-10,-1.7106820937141425,0.7600435594314953,-2.3480187650945177
2015-03-11,-0.1919520676484767,1.0246917579893735,-3.197196524961263
2015-03-12,1.2522702206037069,0.9494065026508844,-2.9556284174596636
2015-03-13,-0.6093237090196838,0.9973355688370745,-3.109418608657934
2015-03-16,1.344290902385591,0.9620305445074884,-2.9961352323281223
2015-03-17,-0.3325697707782002,1.0258985182272313,-3.201068661484634
2015-03-18,1.2085101501628708,0.9593351007846843,-2.9874863510024587
2015-03-19,-0.4884489126950175,0.9966726270052622,-3.1072914244838943
2015-03-20,0.8972382193259681,0.9476698266468887,-2.950055938044638
2015-03-23,-0.1747256606713301,0.9343281290268659,-2.9072463781854476
2015-03-24,-0.6158345701590925,0.8680151592028664,-2.6944676800038323
2015-03-25,-1.4665926527239062,0.8530428795471348,-2.6464260648806817
2015-03-26,-0.2380330737473896,1.0170412667647188,-3.172648362398911
2015-03-27,0.236576072950336,0.9451245827591199,-2.9418890035455267
2015-03-30,1.2162382647149437,0.8728362503866867,-2.7099371350535875
2015-03-31,-0.8834686217530795,0.9302261805994295,-2.8940844394468486
2015-04-01,-0.3973254201847525,0.9469681716681984,-2.947804534837473
2015-04-02,0.3523452303714153,0.8953594866719292,-2.782207535675524
2015-04-06,0.6587072647165644,0.8331705232675949,-2.582661553802618
2015-04-07,-0.2064032708587167,0.8053607261386586,-2.4934281437246946
2015-04-08,0.26789415573472,0.7556746209082768,-2.3340001341408256
2015-04-09,0.4447575873625805,0.705157288394105,-2.1719049621631252
2015-04-10,0.5189376899456222,0.6724953667997764,-2.067102520417619
2015-04-13,-0.4591806820961145,0.6518745838975679,-2.000936529766576
2015-04-14,0.162843225851382,0.6501093638524414,-1.9952724609697334
2015-04-15,0.5134989044995592,0.6083831878982521,-1.8613855090929947
2015-04-16,-0.0778746757985199,0.5968906053107842,-1.8245092122208089
2015-04-17,-1.137570418905323,0.5650087485741178,-1.7222097677826333
2015-04-20,0.9192748586536724,0.735325069777642,-2.268704445987381
2015-04-21,-0.1481702504767951,0.7640198707807263,-2.360777571625121
2015-04-22,0.5074582853386292,0.7156144077334257,-2.2054587638652046
2015-04-23,0.2354940842552367,0.6875750088837987,-2.1154886298046507
2015-04-24,0.2250266824753486,0.643611776402311,-1.9744236254760228
2015-04-27,-0.4149913240734652,0.6044567205078043,-1.8487866370773176
2015-04-28,0.2765404437346507,0.6045331316094632,-1.8490318176925238
2015-04-29,-0.3747348127573222,0.5725920385621753,-1.7465423014615669
2015-04-30,-1.0180553033248203,0.5725404735853421,-1.746376844708967
2015-05-01,1.0863776563455256,0.7072612572709764,-2.1786559757253823
2015-05-04,0.293643314776302,0.7759990924565029,-2.399215349335361
2015-05-05,-1.19080033585301,0.7243226900831865,-2.2334010651480143
2015-05-06,-0.4465681140931977,0.8562876166967506,-2.656837466277259
2015-05-07,0.3766710469475405,0.8216531438752602,-2.54570569132098
2015-05-08,1.3368147987361163,0.7693120599622898,-2.3777586407519085
2015-05-11,-0.5102556456082039,0.8794922521596834,-2.7312942752346356
2015-05-12,-0.2953996439367266,0.8489700039901932,-2.6333574123808487
2015-05-13,-0.0305001290651667,0.8006423724093773,-2.4782883427665796
2015-05-14,1.0721604261760034,0.7431342823191959,-2.2937618982900827
2015-05-15,0.0768118827866475,0.8002449307316067,-2.4770130700254613
2015-05-18,0.3043312472570502,0.741115845909262,-2.287285333105203
2015-05-19,-0.0643581597842015,0.6940175123510333,-2.136160717096579
2015-05-20,-0.0930949450794048,0.6497081814582858,-1.9939851853766122
2015-05-21,0.2335145908744808,0.6120200326065098,-1.8730550676207705
2015-05-22,-0.2236385149483597,0.5770461522175845,-1.7608342342111678
2015-05-26,-1.0335204907502331,0.5585418712737941,-1.7014594720725305
2015-05-27,0.912091892911008,0.7021486012837828,-2.1622509754955206
2015-05-28,-0.1267563917487054,0.7364041781392202,-2.2721669854119146
2015-05-29,-0.6338515184097658,0.6900670370460703,-2.1234848107871556
2015-06-01,0.205734349914766,0.7091639122915734,-2.1847610326915508
2015-06-02,-0.100910516534782,0.6616968413826838,-2.032453247633904
2015-06-03,0.2116629469755999,0.6229468903437088,-1.9081161208462203
2015-06-04,-0.8660562215101069,0.5857937462095493,-1.7889026749215091
2015-06-05,-0.1437215232732535,0.6778206257296713,-2.0841897005814753
2015-06-08,-0.6495560338305542,0.6395471817367893,-1.9613815439064433
2015-06-09,0.0418265519002764,0.671797585829299,-2.064863547756492
2015-06-10,1.1970491752514407,0.6271748375175644,-1.9216823522790958
2015-06-11,0.1737116756528132,0.7439479580361645,-2.296372742899487
2015-06-12,-0.7018874653102702,0.6917656879464379,-2.1289352788962526
2015-06-15,-0.4633289621771347,0.7227945380771339,-2.2284976775402128
2015-06-16,0.5673730515753803,0.7099302226008177,-2.1872198957229747
2015-06-17,0.197768439507284,0.6893308444727507,-2.121122586658487
2015-06-18,0.9854000054008836,0.6439073960145854,-1.9753721813380758
2015-06-19,-0.531761523794962,0.7063410223256177,-2.175703214082911
2015-06-22,0.6076367981542122,0.7058873626025572,-2.1742475542693565
2015-06-23,0.0635666425193386,0.6908388718177552,-2.1259614001838645
2015-06-24,-0.7380465718305258,0.6438259485346675,-1.9751108404752986
2015-06-25,-0.2978004156596414,0.6924561144542367,-2.1311506532628273
2015-06-26,-0.0390155744922384,0.6647876757281775,-2.0423708204718367
2015-06-29,-2.108696950861153,0.6229477539295295,-1.9081188918375844
2015-06-30,0.265496235246741,1.0790997605607666,-3.371775705904735
2015-07-01,0.6912096434637041,0.9937662637850965,-3.0979657649022
2015-07-02,-0.0308070189546534,0.9474034533990313,-2.9492012251120108
2015-07-06,-0.3869232698897424,0.8742433592726105,-2.7144521311055105
2015-07-07,0.6062560593868743,0.8309556695373708,-2.57555474355674
2015-07-08,-1.6792964912141517,0.7974219144481399,-2.4679548461013057
2015-07-09,0.2259647644819989,1.038759422581139,-3.2423354980194135
2015-07-10,1.226298638500772,0.9564886414070877,-2.9783529051260436
2015-07-13,1.1005268507355188,0.9978351338649291,-3.1110215650112094
2015-07-14,0.444327323650017,1.0082224100641242,-3.1443512607431856
2015-07-15,-0.0735256300737286,0.9388198495053856,-2.9216589801025648
2015-07-16,0.7982733444475738,0.8677549775742139,-2.693632834145135
2015-07-17,0.110557162445071,0.8529605131662722,-2.646161775536676
2015-07-20,0.0770936624001602,0.7882371028120919,-2.438483503343643
2015-07-21,-0.4270796242723094,0.7304013348667971,-2.252905637589845
2015-07-22,-0.2390565020190279,0.7117026912320179,-2.192907223087674
2015-07-23,-0.5692210211379454,0.6760870553215262,-2.07862718610459
2015-07-24,-1.0761020696661188,0.6869420906689438,-2.1134577825334504
2015-07-27,-0.5791755065064178,0.8011266433132955,-2.4798422248016694
2015-07-28,1.2310073801889354,0.7917138751710732,-2.44963943706794
2015-07-29,0.7292142927383681,0.8714425825033253,-2.705465267201699
2015-07-30,0.0028366904022368,0.8467662284551273,-2.6262861487852
2015-07-31,-0.2274103801051709,0.7834950198131722,-2.4232675621807402
2015-08-03,-0.276069394490455,0.7379231994508926,-2.2770410753232184
2015-08-04,-0.2252239166932867,0.7020686759373632,-2.1619945187087413
2015-08-05,0.3109838185490679,0.6665696547818662,-2.0480886639681715
2015-08-06,-0.7783195922562142,0.628823152459548,-1.9269713071921304
2015-08-07,-0.2879022856337714,0.6894625070382907,-2.1215450528723996
2015-08-10,1.2726835632025084,0.6612338943593742,-2.0309677876219587
2015-08-11,-0.9603064680182268,0.7868930899520136,-2.4341709637685667
2015-08-12,0.0949603638214694,0.8484251687740612,-2.631609197388823
2015-08-13,-0.1276025868381203,0.7841403667934473,-2.425338289682507
2015-08-14,0.3904332274359137,0.7322898538293129,-2.2589653361284854
2015-08-17,0.5197891709402951,0.691692239753668,-2.1286996053789475
2015-08-18,-0.26289829356331,0.6683635614310439,-2.053844779589059
2015-08-19,-0.8289136409597112,0.6406508144408635,-1.9649227746893025
2015-08-20,-2.1325960454146156,0.7093516868739235,-2.185363545763882
2015-08-21,-3.2369242521878174,1.1303106134391803,-3.5360961795188643
2015-08-24,-4.021144434651927,1.7209278770239334,-5.43121221492933
2015-08-25,-1.3614249742655895,2.3123528671014566,-7.328920005649119
2015-08-26,3.829129943453164,2.190530444049223,-6.938027897285077
2015-08-27,2.400725448969004,2.5230663641786752,-8.005037267722937
2015-08-28,0.0608551156876215,2.487998960652709,-7.892516346240032
2015-08-31,-0.8427078663984054,2.2663539914705635,-7.181323224800115
2015-09-01,-3.0022649842427995,2.100860800610825,-6.650304544706066
2015-09-02,1.8127671423214635,2.3015219877267565,-7.2941669185889655
2015-09-03,0.1164115699418892,2.214271042773252,-7.014204453755978
2015-09-04,-1.544830875427624,2.0180358730375083,-6.38454385998917
2015-09-08,2.4773637197038503,1.9599625872639828,-6.198203869806019
2015-09-09,-1.3995035769084718,2.0408216077625734,-6.457656540431305
2015-09-10,0.5264075444935657,1.9597284236162889,-6.1974525079495075
2015-09-11,0.447700644498628,1.7962550892068676,-5.672914949529738
2015-09-14,-0.409804122304381,1.6457281939198358,-5.189918683407099
2015-09-15,1.274968763143236,1.5169564643061306,-4.776728306584574
2015-09-16,0.8667740715375899,1.4699313558625184,-4.625838648301469
2015-09-17,-0.2564344442560098,1.3814277346199046,-4.3418567159231864
2015-09-18,-1.629623095438354,1.271901678358949,-3.9904200101019045
2015-09-21,0.4555392033672696,1.364191495532912,-4.28655072488989
2015-09-22,-1.2394930019378314,1.2572816931425153,-3.9435088035906647
2015-09-23,-0.2050744229593946,1.2758474684416334,-4.003080882919392
2015-09-24,-0.336865187130644,1.174829612420842,-3.678944474095446
2015-09-25,-0.0465901801220549,1.0917163312756673,-3.4122585480901755
2015-09-28,-2.600121116280911,1.0041010549581546,-3.1311270517156027
2015-09-29,0.1232093912981713,1.4443948336015573,-4.543899504613674
2015-09-30,1.889589860356512,1.3207781040466435,-4.1472499976171715
2015-10-01,0.1971938678337172,1.4187309558418475,-4.461551714814839
2015-10-02,1.4213793016405512,1.2982577735614516,-4.074988920847772
2015-10-05,1.8124593518502157,1.3093985141578899,-4.11073626088066
2015-10-06,-0.35946893441433,1.39349113189816,-4.380564588234251
2015-10-07,0.8003519857552759,1.2881740664013974,-4.042633288336431
2015-10-08,0.8779780144558488,1.2154002470130556,-3.809123635665872
2015-10-09,0.0724848560515357,1.160343484657344,-3.6324627765423054
2015-10-12,0.1274664477332838,1.0643332258408338,-3.3243942654007115
2015-10-13,-0.6848823690127077,0.9779774501142015,-3.047304133736508
2015-10-14,-0.4727430911939143,0.955450469602267,-2.9750217189990327
2015-10-15,1.4743551351355089,0.9102258573346267,-2.82990932017846
2015-10-16,0.4560061373697022,1.0152402223818056,-3.1668693439025186
2015-10-19,0.0270508943873059,0.9458061316535139,-2.9440758922775676
2015-10-20,-0.1422101055893761,0.8717665866630927,-2.7065049006776802
2015-10-21,-0.5842448911134254,0.8107404665847205,-2.5106901389528704
2015-10-22,1.6490847012594123,0.800487247950123,-2.4777905942781038
2015-10-23,1.0969953969042787,0.981370130214739,-3.058190240286328
2015-10-26,-0.191493300110011,0.9941657930969261,-3.0992477362432838
2015-10-27,-0.255738586508774,0.9221670228916712,-2.86822498706448
2015-10-28,1.1770488488143476,0.8621091068341497,-2.6755169055513632
2015-10-29,-0.0449875380660723,0.9138804199294532,-2.8416357301615185
2015-10-30,-0.4821481688425431,0.8446011667496331,-2.6193391064132387
2015-11-02,1.1803876338814607,0.8157275716325022,-2.526692283368636
2015-11-03,0.2724352925067521,0.8786888685058852,-2.7287164548105274
2015-11-04,-0.3551666939647187,0.8146757552706458,-2.523317315895517
2015-11-05,-0.1132789756498302,0.7761060724057319,-2.3995586163371088
2015-11-06,-0.034768178002366,0.7244704076211583,-2.2338750470178
2015-11-09,-0.9871290656502512,0.6755813257010618,-2.0770044493977298
2015-11-10,0.1509455153449644,0.7713620514697798,-2.384336456907704
2015-11-11,-0.3233307321568945,0.7157646852514485,-2.205940959953477
2015-11-12,-1.4089163336632673,0.6874310983700204,-2.1150268635490046
2015-11-13,-1.127064043215544,0.8907776786930308,-2.7675058696265498
2015-11-16,1.4793302794234362,0.9634856527171026,-3.0008042440067855
2015-11-17,-0.1340277018246574,1.0561926634233039,-3.29827360939231
2015-11-18,1.6033229877172244,0.9749592143411417,-3.0376195082356245
2015-11-19,-0.1123740328979201,1.0932447382675436,-3.417162753872035
2015-11-20,0.3802955280149416,1.007369270583217,-3.1416137885926156
2015-11-23,-0.1235623841684088,0.9343170951325341,-2.907210973683462
2015-11-24,0.1221249944960792,0.8655941630035701,-2.686699419572183
2015-11-25,-0.0129140614967155,0.7996022401946571,-2.4749508662642854
2015-11-27,0.0593441559480839,0.7417542442876683,-2.2893337645996614
2015-11-30,-0.4651800139618441,0.6890873114054072,-2.1203411611067278
2015-12-01,1.062393894673922,0.6819208950837994,-2.097346251670665
2015-12-02,-1.105659263944892,0.7516941470752987,-2.3212279714315556
2015-12-03,-1.4477826444150088,0.8548060097632327,-2.652083428034552
2015-12-04,2.031785636385123,1.0133829952724538,-3.1609100516614332
2015-12-07,-0.7014043960397749,1.2289512574111234,-3.8526048182942345
2015-12-08,-0.6511052625594548,1.1726430711253286,-3.671928510074916
2015-12-09,-0.7769086365692726,1.118115483170908,-3.49696561502258
2015-12-10,0.2248856578594677,1.0869325500602895,-3.396908809689146
2015-12-11,-1.961386775581532,0.9997289150421117,-3.1170981484396285
2015-12-14,0.4744288064068024,1.2502532404020636,-3.9209565784631595
2015-12-15,1.0562580105914383,1.1562682273694624,-3.61938648177264
2015-12-16,1.4410635650771484,1.1330038596490393,-3.54473800967573
2015-12-17,-1.5154776635876313,1.1795910136756487,-3.694222401825225
2015-12-18,-1.7957495007106936,1.2685878149828638,-3.979786803099012
2015-12-21,0.77483067271562,1.3986057559202076,-4.396975903305618
2015-12-22,0.8778095591568889,1.3101047083349386,-4.113002229032211
2015-12-23,1.2341596527553889,1.2425926867896153,-3.8963761286758345
2015-12-24,-0.1599915403863319,1.2323739098921134,-3.8635870973441095
2015-12-28,-0.2180936456306016,1.1339769111028841,-3.5478602438655478
2015-12-29,1.0573664173022947,1.0483278002575573,-3.273037590703573
2015-12-30,-0.7243398783778549,1.04277469958158,-3.255219333794828
2015-12-31,-0.9456485041467846,1.0157746399867336,-3.168584131862758
2016-01-04,-1.5422041797805928,1.027441300356355,-3.206018992828322
2016-01-05,0.2010204139359939,1.160392997902224,-3.632621649894175
2016-01-06,-1.320216300262602,1.0653237385150032,-3.3275725274797816
2016-01-07,-2.3985816519344776,1.1388458448454657,-3.5634832115297725
2016-01-08,-1.089753744584791,1.4653151101776554,-4.611026481844159
2016-01-11,0.0852908295822672,1.425447131151577,-4.483101934069936
2016-01-12,0.7772514117774859,1.3035860355876405,-4.092085737059021
2016-01-13,-2.528237507790902,1.2266704066220404,-3.8452862430149843
2016-01-14,1.6558060934383971,1.5593738685820313,-4.912833205611475
2016-01-15,-2.1835772698162375,1.5642422003692367,-4.928454241779016
2016-01-19,0.0531680187428828,1.7097189456302755,-5.395246070805795
2016-01-20,-1.1762766025898372,1.5608334006075588,-4.917516412006399
2016-01-21,0.5181988635948063,1.5188383178507148,-4.782766617769366
2016-01-22,2.008072688221347,1.399184463412142,-4.398832804407899
2016-01-25,-1.5761545172821467,1.5046741234519814,-4.7373179091237905
2016-01-26,1.4045237830367907,1.5376496057264437,-4.843126474309355
2016-01-27,-1.0922922300528426,1.5060060174241168,-4.741591562773432
2016-01-28,0.5513350717591524,1.460428881981336,-4.595348021395313
2016-01-29,2.4458650994556432,1.3486657096765966,-4.23673307215135
2016-02-01,-0.0443334845541805,1.5709335928989296,-4.9499249404261905
2016-02-02,-1.892096871823143,1.436226452480498,-4.51768958661719
2016-02-03,0.4979620021574023,1.5473700210842418,-4.874316410925168
2016-02-04,0.1525568292523437,1.4237795663335977,-4.477751212000862
2016-02-05,-1.8654158276351849,1.3023268779168875,-4.08804547267787
2016-02-08,-1.4255057923057348,1.4399231017538776,-4.529551040298293
2016-02-09,-0.0663840646760225,1.4577776503640594,-4.586841003633941
2016-02-10,-0.0188968130760916,1.3343840110842624,-4.190907327317957
2016-02-11,-1.2377447329256217,1.2221529086579173,-3.830790928774114
2016-02-12,1.933001520704595,1.24699861021991,-3.910513433252513
2016-02-16,1.6381737741684916,1.3722722589805132,-4.312479503698284
2016-02-17,1.6346110625641337,1.4085977073829823,-4.4290371189348665
2016-02-18,-0.4676632123934705,1.4372766749732082,-4.521059439835845
2016-02-19,-0.0026033281801842,1.3343239253028454,-4.190714529824751
2016-02-22,1.4350731099076084,1.2218682494054898,-3.829877541463643
2016-02-23,-1.253257757078849,1.2496589961904252,-3.9190498246246577
2016-02-24,0.4429960034631948,1.2721087565524771,-3.9910844627505737
2016-02-25,1.1284366730450843,1.1741298673300322,-3.676699199153355
2016-02-26,-0.1871865329564653,1.1587597239282494,-3.627380956996864
2016-02-29,-0.8154131091571704,1.0690492607016204,-3.3395266257959797
2016-03-01,2.3588385401618943,1.0508825832842235,-3.2812351334767786
2016-03-02,0.40859498611017,1.3448899255287474,-4.224617698074055
2016-03-03,0.3492634320316937,1.2377727717405649,-3.8809104474945375
2016-03-04,0.3300439865941698,1.1391235763557324,-3.5643743697655657
2016-03-07,0.0884622800863948,1.0498433835525278,-3.277900649036589
2016-03-08,-1.130375605600619,0.9648270719082717,-3.005108461265797
2016-03-09,0.5039672782814251,1.021395822666032,-3.1866208437747208
2016-03-10,0.0155792797122626,0.9546043495275045,-2.9723067700457415
2016-03-11,1.626254558885149,0.8798112584317298,-2.7323178719677927
2016-03-14,-0.1261768616611746,1.0301575032929133,-3.2147344843282792
2016-03-15,-0.1838630934317958,0.9513461850431247,-2.96185228430505
2016-03-16,0.5584727881779697,0.8836369104399685,-2.744593257253196
2016-03-17,0.6573583068596323,0.8381753816620783,-2.59872066345474
2016-03-18,0.4395967251026177,0.8094806956674613,-2.506647906845141
2016-03-21,0.0985091904292301,0.7630418495532673,-2.35763939090233
2016-03-22,-0.0877772896772251,0.7079266894190431,-2.1807911505873983
2016-03-23,-0.640650953066712,0.6629994526366194,-2.0366329417055877
2016-03-24,-0.0378141779376819,0.6887151597465591,-2.119147036553024
2016-03-28,0.0545106888072358,0.6440331795136389,-1.9757757833672471
2016-03-29,0.877801205423741,0.6024689499298217,-1.8424084694731608
2016-03-30,0.4340879993566219,0.6522382403631996,-2.0021033957589727
2016-03-31,-0.2041842359620711,0.625789198288613,-1.9172362460035335
2016-04-01,0.6310959066599756,0.5986729937772556,-1.830228369401618
2016-04-04,-0.3213480045854618,0.6048787715411864,-1.8501408739586938
2016-04-05,-1.019629841179453,0.5926601407512934,-1.8109349032423239
2016-04-06,1.0452797932013158,0.7212420139702054,-2.2235160870723965
2016-04-07,-1.204807397000487,0.7778385694986856,-2.405117686863139
2016-04-08,0.2782702604616504,0.8976743694427728,-2.789635309514193
2016-04-11,-0.2743545889603945,0.8318281405598885,-2.578354244904142
2016-04-12,0.9615753881389976,0.783914653810777,-2.424614043509507
2016-04-13,0.9990069768557897,0.8105436446708333,-2.510058595670739
2016-04-14,0.0172912430132425,0.8386982599673445,-2.6003984252168397
2016-04-15,-0.0984769576145959,0.776033518406676,-2.3993258120228402
2016-04-18,0.6519725613797989,0.7237216962754075,-2.2314726538527
2016-04-19,0.3079737902866533,0.7116680751979163,-2.192796150477114
2016-04-20,0.07612550492345,0.6682573632699587,-2.0535040211141338
2016-04-21,-0.5207562857292034,0.6237436707348882,-1.910672753354488
2016-04-22,0.0047858579540742,0.6365228943388949,-1.951677500532139
2016-04-25,-0.1813689620762995,0.5967029794717211,-1.8239071764216728
2016-04-26,0.187100017423693,0.57167919309384,-1.74361325046432
2016-04-27,0.164799411174684,0.5400226480547996,-1.6420367645941774
2016-04-28,-0.9273636061561672,0.5117516445119702,-1.551323479604881
2016-04-29,-0.5075949230557177,0.6425667976905688,-1.971070597998862
2016-05-02,0.7779606697244105,0.6497312959952823,-1.994059353086251
2016-05-03,-0.8714499388395888,0.6702714882280908,-2.0599667521259386
2016-05-04,-0.595458270547255,0.7408814333123509,-2.286533172444317
2016-05-05,-0.0239036692794152,0.7441695818030839,-2.2970838679891394
2016-05-06,0.3169610553552606,0.6927322240020811,-2.132036607101145
2016-05-09,0.0753213307609947,0.6521245879912262,-2.0017387189270055
2016-05-10,1.240636523603733,0.6094704085627509,-1.8648740784971733
2016-05-11,-0.9607522877868724,0.743040767175068,-2.293461835863673
2016-05-12,-0.0169479267964244,0.8151886695079066,-2.524963105911751
2016-05-13,-0.8514434161752484,0.7557427624176802,-2.334218780081454
2016-05-16,0.9748976389612768,0.80197032715131,-2.4825493565921177
2016-05-17,-0.9455863552162806,0.8274233219285263,-2.564220485300328
2016-05-18,0.0205157686401279,0.8767388533670686,-2.7224594332388334
2016-05-19,-0.3713594522720624,0.8099906575744154,-2.508284223707014
2016-05-20,0.6001459222804671,0.7736621945371679,-2.391716935399457
2016-05-23,-0.2087636568101688,0.7475491033684994,-2.3079277526933586
2016-05-24,1.3588637533990109,0.7050403587529721,-2.171529769544168
2016-05-25,0.6950529651583447,0.83942025848985,-2.6027151048364603
2016-05-26,-0.021046604992859,0.8151696167938551,-2.524901971390051
2016-05-27,0.4277694939439437,0.7558271172032719,-2.334489449627867
2016-05-31,-0.1005768620589989,0.7151478688931631,-2.203961778775475
2016-06-01,0.1134398653926189,0.6699760777841411,-2.059018867423147
2016-06-02,0.2820696166986195,0.6253068274385234,-1.9156884606789544
2016-06-03,-0.2916062236694851,0.5910439917454278,-1.805749159300403
2016-06-06,0.4885328519363623,0.5775355812964246,-1.7624046673032796
2016-06-07,0.1288615629197613,0.5679377614777507,-1.7316081034965407
2016-06-08,0.3304101971954724,0.5355058616869435,-1.6275437336551668
2016-06-09,-0.1719235597893807,0.516451999955514,-1.5664055293897508
2016-06-10,-0.9217532410166118,0.5021177633032382,-1.520411205467998
2016-06-13,-0.8148298789709478,0.6347275042044191,-1.9459166248458928
2016-06-14,-0.1800505071971903,0.7018250218770608,-2.161212704926378
2016-06-15,-0.1842409063810195,0.6629620780983081,-2.036513017871259
2016-06-16,0.3128093111045572,0.6293407106513842,-1.9286319982844522
2016-06-17,-0.3263284144608922,0.5963892939976885,-1.8229006525549194
2016-06-20,0.5791382778423102,0.5861060301352631,-1.789904701634425
2016-06-21,0.2708390604209703,0.5869154062278419,-1.7925017500214195
2016-06-22,-0.165292899657585,0.5569175661699457,-1.6962475576255693
2016-06-23,1.3275567071955108,0.5361307226440531,-1.6295487275704024
2016-06-24,-3.6580792805582623,0.7197185119573196,-2.2186276199167367
2016-06-27,-1.8262246511702755,1.6856103637820297,-5.317888765375355
2016-06-28,1.7614121604087918,1.7303424489439718,-5.461420790452333
2016-06-29,1.6889242971253915,1.723343452719268,-5.438963082567691
2016-06-30,1.3473863149466128,1.7057497918770193,-5.382510230882745
2016-07-01,0.1946706293032022,1.641242417642793,-5.175525154673635
2016-07-05,-0.6871028985598719,1.4993813845820076,-4.7203350762095475
2016-07-06,0.5338687058275959,1.4075139481233943,-4.425559656154818
2016-07-07,-0.0871957886733,1.3003002034320565,-4.081542473948289
2016-07-08,1.51381865659924,1.1928036709553438,-3.7366179094152936
2016-07-11,0.3402819311998238,1.24127015608655,-3.8921325189860507
2016-07-12,0.6984842307345719,1.1419244796291452,-3.57336163958369
2016-07-13,0.0134758674981703,1.077310680585989,-3.3660350776537857
2016-07-14,0.5245422801697,0.9900496206915209,-3.0860401569682527
2016-07-15,-0.0929379059871143,0.9285063789440587,-2.888566104823447
2016-07-18,0.2379461821868736,0.8592038317774844,-2.6661947375643544
2016-07-19,-0.1436204500415386,0.796100737533469,-2.4637155803178943
2016-07-20,0.4261208315763991,0.7437101240764181,-2.295609604097643
2016-07-21,-0.3619069856524975,0.7044358590303004,-2.169590108805362
2016-07-22,0.4543626789510244,0.6818776024342058,-2.0972073383683987
2016-07-25,-0.30160187399297,0.6532500864962425,-2.0053501105950056
2016-07-26,0.0322732160719412,0.6315386148539628,-1.9356844225114749
2016-07-27,-0.1199260946808637,0.5917385697378592,-1.8079778545527405
2016-07-28,0.1604920448092453,0.5629292772063165,-1.7155373594781786
2016-07-29,0.1629980117657865,0.5316636724720745,-1.6152152853670403
2016-08-01,-0.1270594147491058,0.5044211610728192,-1.527802127336023
2016-08-02,-0.6381940812667669,0.4881600590332026,-1.4756250625450595
2016-08-03,0.3129042716071097,0.554405184995221,-1.6881860698485514
2016-08-04,0.0212549299489087,0.5313859618441259,-1.614324194136427
2016-08-05,0.856669728938006,0.504112667703239,-1.5268122633961159
2016-08-08,-0.0907577291541599,0.5743414932574558,-1.7521557839157151
2016-08-09,0.0389717986555982,0.5460534086812345,-1.661387690944536
2016-08-10,-0.2868797063488285,0.5165515874999036,-1.5667250763517788
2016-08-11,0.4723415102443644,0.5145302941560198,-1.5602393441112192
2016-08-12,-0.0796363386914057,0.5133562726621379,-1.5564722565298843
2016-08-15,0.2789016294521772,0.49262747805751095,-1.4899596882864041
2016-08-16,-0.5494142216478226,0.4759547086546556,-1.4364617047390302
2016-08-17,0.1866846006155566,0.5262514729079808,-1.5978491384337419
2016-08-18,0.2197201696382422,0.5003866852515266,-1.51485668822542
2016-08-19,-0.1441309568768186,0.47927544790882215,-1.4471169744001158
2016-08-22,-0.0563481883323107,0.46815761990214605,-1.4114431540879468
2016-08-23,0.1949867178361733,0.4524994731933219,-1.3612007945392337
2016-08-24,-0.5254055259671874,0.4370440547206159,-1.3116089299130125
2016-08-25,-0.1366160396645455,0.4923837398904316,-1.4891776046302814
2016-08-26,-0.1580064238713278,0.47865152252918663,-1.4451149824761578
2016-08-29,0.5214428428674345,0.4688499561230789,-1.4136646561588848
2016-08-30,-0.1955591407122778,0.48290637468342734,-1.4587675440299148
2016-08-31,-0.2378691105562606,0.47604974510913384,-1.4367666486001986
2016-09-01,-0.0041385389411442,0.47499390430186156,-1.4333787678725718
2016-09-02,0.4192241599034617,0.4559974382017453,-1.3724247292046934
2016-09-06,0.2977242370005349,0.45843063582388677,-1.3802321403918558
2016-09-07,-0.014639593829345,0.4482391755757448,-1.3475307601049407
2016-09-08,-0.2225488192470288,0.4334466077102811,-1.300065786940107
2016-09-09,-2.4827742410836415,0.4380855839809272,-1.314950889121223
2016-09-12,1.4570387233434434,1.1429728805514103,-3.576725647921788
2016-09-13,-1.4941748278210834,1.1906210957412682,-3.7296146713765355
2016-09-14,-0.0587849399812835,1.272535597319575,-3.992454068470164
2016-09-15,1.005851644943989,1.1671138478606213,-3.654186868713619
2016-09-16,-0.37794277955721,1.1350690769121075,-3.551364680775881
2016-09-19,-0.0018603233824686,1.0593413520472326,-3.308376819490681
2016-09-20,0.0299093484234177,0.9741191905874096,-3.0349241205726205
2016-09-21,1.085800033363595,0.8971316824240977,-2.7878939874521556
2016-09-22,0.6478751917642122,0.9239910964983546,-2.874077899525612
2016-09-23,-0.5753292959718775,0.8822880544819325,-2.7402651776098446
2016-09-26,-0.8624850117916046,0.8595709081047085,-2.6673725768806653
2016-09-27,0.6423495165298114,0.8861943980855054,-2.7527994783480616
2016-09-28,0.5282576603642458,0.8490224072054366,-2.633525558792473
2016-09-29,-0.9365127730081196,0.8051765405734743,-2.49283714674646
2016-09-30,0.79363925880277,0.8575914534474406,-2.661021092605404
2016-10-03,-0.3266023181527122,0.8437624225522047,-2.616647824467793
2016-10-04,-0.4967881786362002,0.7987563512139997,-2.472236658823597
2016-10-05,0.4287486231196994,0.7784823489200869,-2.4071833845323196
2016-10-06,0.0481443852604502,0.7350367698107892,-2.2677793767016055
2016-10-07,-0.3258787441614204,0.6832152477205705,-2.1014994462835905
2016-10-10,0.4595330317324387,0.6597616490304299,-2.0262437879982325
2016-10-11,-1.2524577697755963,0.6347096140639154,-1.945859220678702
2016-10-12,0.114593220639882,0.8124825712568278,-2.516280037357525
2016-10-13,-0.3104076412233994,0.7520829927186348,-2.322475662041737
2016-10-14,0.020158415912115,0.7175159643009921,-2.21156029622063
2016-10-17,-0.3042618111840263,0.6680475410197719,-2.0528307635996117
2016-10-18,0.6141505605698631,0.6444824975653171,-1.9772175120420346
2016-10-19,0.2189572155350499,0.6402169096085583,-1.963530502474717
2016-10-20,-0.1376671131380955,0.6012439289332194,-1.8384777395783305
2016-10-21,-0.0084145140154779,0.5723533832739975,-1.7457765272598171
2016-10-24,0.4738594647427365,0.5406983787321689,-1.6442049843893942
2016-10-25,-0.3804957464706359,0.5353086558855694,-1.626910958591682
2016-10-26,-0.1741927921187231,0.5427531493353859,-1.6507981352492451
2016-10-27,-0.2991195906008866,0.5247395911649729,-1.5929979572856863
2016-10-28,-0.311314013962507,0.5228652969900569,-1.586983901881344
2016-10-31,-0.0122283884198553,0.5228859470144386,-1.58705016169925
2016-11-01,-0.6810019108735079,0.49770083908882345,-1.5062386026302061
2016-11-02,-0.6546884453454002,0.57103321582792,-1.7415405005624203
2016-11-03,-0.4433213022609399,0.6197236545235908,-1.897773710853766
2016-11-04,-0.166752027169296,0.6212277356898375,-1.9025998622591829
2016-11-07,2.1980199729464904,0.5917656841633524,-1.8080648567209996
2016-11-08,0.376487839715753,1.0322632751875547,-3.2214912832410474
2016-11-09,1.1016119879656034,0.9563167570409067,-2.97780137905549
2016-11-10,0.1948845716095396,0.9745909041142189,-3.0364377097002913
2016-11-11,-0.1398928347797605,0.8982327669537878,-2.7914270418974203
2016-11-14,-0.0115509457183237,0.8341676699171156,-2.5858611023455995
2016-11-15,0.7452955022089459,0.7725457136040119,-2.388134478451261
2016-11-16,-0.1583516522375953,0.7656198117916553,-2.36591130890723
2016-11-17,0.4665469361197901,0.7176160869810033,-2.211881560274522
2016-11-18,-0.238965136554844,0.6852802917709954,-2.108125561595622
2016-11-21,0.7433702070873875,0.653127212417268,-2.0049558440339714
2016-11-22,0.2163091103593048,0.6671044111783739,-2.0498045390103417
2016-11-23,0.0807698156908801,0.624846033491912,-1.9142099092530396
2016-11-25,0.3906745613423708,0.5853542766837069,-1.7874925472519534
2016-11-28,-0.5268389254735216,0.564305623759741,-1.7199536483076747
2016-11-29,0.1334402353261901,0.5899740369447992,-1.8023159909444213
2016-11-30,-0.2656930555156394,0.5549046253220515,-1.68978862607314
2016-12-01,-0.3521722966763813,0.5441119480246184,-1.6551581181749553
2016-12-02,0.0396927720084623,0.5459174133153863,-1.6609513220565082
2016-12-05,0.5804426926743671,0.5164205449029101,-1.5663045994334834
2016-12-06,0.3405084468874609,0.5302689742810319,-1.6107401115626712
2016-12-07,1.307735874472335,0.5127877189848101,-1.5546479360141654
2016-12-08,0.2157015016871101,0.6996248559436676,-2.1541530234744175
2016-12-09,0.5921418532969714,0.6535616093481493,-2.0063496952472764
2016-12-12,-0.1138082290599516,0.6448080208106494,-1.978262019814096
2016-12-13,0.651848320123699,0.6088477110980713,-1.8628760265889694
2016-12-14,-0.8150295461858615,0.6163811415930611,-1.8870485759080542
2016-12-15,0.3875707687553573,0.6882212908094433,-2.117562357269458
2016-12-16,-0.1752156750980241,0.6529986070751088,-2.0045431875452566
2016-12-19,0.1973172715211258,0.6200011172955965,-1.8986640067879992
2016-12-20,0.3630912401152755,0.5827282868085389,-1.7790665227719864
2016-12-21,-0.2460385724677666,0.559658277943905,-1.7050416907325898
2016-12-22,-0.1864711222396504,0.5460007020499396,-1.6612185709605833
2016-12-23,0.1250932535079235,0.5285902010468124,-1.6053534250024488
2016-12-27,0.2245848904548634,0.5010580186757684,-1.5170107985364962
2016-12-28,-0.8391640709771516,0.4800816243444155,-1.4497037560346213
2016-12-29,-0.0293347731868372,0.5980564050173472,-1.8282499185194614
2016-12-30,-0.4647834696854234,0.5639149312639745,-1.7187000316945271
2017-01-03,0.8450766753157112,0.5790580872221086,-1.7672899383098513
2017-01-04,0.5705963770549438,0.6276645529415166,-1.9232537041679425
2017-01-05,-0.0770967602481184,0.6202846858383391,-1.8995738943338318
2017-01-06,0.3510789180579059,0.5854274366547362,-1.7877272959509776
2017-01-09,-0.3554905471559629,0.5610113574532272,-1.709383322502271
2017-01-10,0.0,0.5603251908085943,-1.7071816167761042
2017-01-11,0.2825642389101951,0.5299264496800793,-1.6096410514711188
2017-01-12,-0.2147112393729617,0.5082259542253642,-1.540010582725633
2017-01-13,0.1848131395146655,0.4992944246811628,-1.511351947254627
2017-01-17,-0.2971914456218445,0.4769449646364804,-1.439639143168322
2017-01-18,0.176220046980932,0.4832834281406128,-1.4599773970040424
2017-01-19,-0.3615837624319374,0.4628291827680251,-1.3943457760071583
2017-01-20,0.3360584061299942,0.4814688801824839,-1.454155049530486
2017-01-23,-0.2693749646069815,0.47092277545759115,-1.4203157200568493
2017-01-24,0.6543140528962317,0.4746593217738144,-1.4323051915429168
2017-01-25,0.7994052795968681,0.510124055065139,-1.5461010266731237
2017-01-26,-0.0735654935263103,0.5661515097715141,-1.7258765503224562
2017-01-27,-0.0866839489741592,0.5379978698323682,-1.6355398504095329
2017-01-30,-0.6027673496096654,0.5143072854832004,-1.5595237752683266
2017-01-31,-0.0890301608032545,0.5660815133573189,-1.7256519525412175
2017-02-01,0.0298318988116289,0.5387785381843411,-1.638044784151533
2017-02-02,0.0570146838691013,0.5103704377135359,-1.5468915956872933
2017-02-03,0.7238496854553608,0.4851865833925515,-1.4660840590645683
2017-02-06,-0.2117597513709103,0.531741187131616,-1.6154640069729496
2017-02-07,0.0226803463845771,0.5188468143040464,-1.5740897800094984
2017-02-08,0.0693082148609631,0.4931649892226163,-1.4916844025658693
2017-02-09,0.573606373596025,0.47012722253305367,-1.4177630261258287
2017-02-10,0.3559706822009091,0.4922450563408534,-1.4887326101560967
2017-02-13,0.5232133584011204,0.4818424421435188,-1.455353699326599
2017-02-14,0.3999327195672579,0.49362729406493,-1.4931678020090198
2017-02-15,0.497988866573445,0.4874411506805082,-1.4733182983659827
2017-02-16,-0.0864491601550169,0.49451605267238063,-1.4960195653969808
2017-02-17,0.1677149327237158,0.4768549186799284,-1.4393502123383122
2017-02-21,0.6029850020069154,0.4570273952019204,-1.3757295564543544
2017-02-22,-0.1082786146804093,0.4870781870189142,-1.4721536553767427
2017-02-23,0.0418898971259233,0.47196894710785314,-1.42367257532073
2017-02-24,0.1492250232031652,0.45214991449512837,-1.360079164111022
2017-02-27,0.1017465267733664,0.43529062405155783,-1.305982689735501
2017-02-28,-0.2581706115194909,0.42017841532810907,-1.2574920836390067
2017-03-01,1.3581211083725322,0.43194290974746463,-1.2952408651211083
2017-03-02,-0.587711697210527,0.6690774323454994,-2.0561353801194033
2017-03-03,0.0503750368534789,0.6843321431798575,-2.105083233323483
2017-03-06,-0.3282622763565812,0.6381754826129936,-1.956980167303454
2017-03-07,-0.2917625902089877,0.6216381872988069,-1.9039168800198842
2017-03-08,-0.2286827964063899,0.6035168112525499,-1.845770746396012
2017-03-09,0.0799575612766386,0.5816721594638239,-1.775677722630492
2017-03-10,0.3263339705858542,0.5473471539614579,-1.665538936730016
2017-03-13,0.0366565619169632,0.5262990955015008,-1.5980019452448395
2017-03-14,-0.3384748980891005,0.49935815750347917,-1.5115564470229215
2017-03-15,0.8339879124686365,0.507339717176419,-1.5371669102727876
2017-03-16,-0.1628034799183614,0.5716088071327159,-1.7433874027422531
2017-03-17,-0.1315179264231435,0.5485648689267536,-1.6694462237322354
2017-03-20,-0.2011916080380294,0.52635856475373,-1.598192764478313
2017-03-21,-1.2485594590102116,0.5132493668478049,-1.556129227405081
2017-03-22,0.1888102847462667,0.7369559176265423,-2.273937354167218
2017-03-23,-0.1060832144830083,0.6858914070360562,-2.1100864496524183
2017-03-24,-0.0844352213938482,0.6444790168274684,-1.9772063433842275
2017-03-27,-0.102010758584563,0.6069972000223014,-1.8569382841123765
2017-03-28,0.7225308829623951,0.5751318127329611,-1.754691685257367
2017-03-29,0.1084736203830169,0.6010744640815425,-1.8379339770138872
2017-03-30,0.2930810911705013,0.5644375419035637,-1.7203769345966708
2017-03-31,-0.2257593938266817,0.5387164367321159,-1.6378455189671395
2017-04-03,-0.1643475308013331,0.5261645316541848,-1.5975701696761957
2017-04-04,0.0559366074661371,0.5097293576151859,-1.5448345593470558
2017-04-05,-0.3059536811522123,0.48464222189481676,-1.4643373640947062
2017-04-06,0.1927650293734993,0.49076593889165365,-1.4839865599319286
2017-04-07,-0.0827472462944871,0.46985437922085865,-1.4168875526712317
2017-04-10,0.0687450135783276,0.4555352700041493,-1.370941768214009
2017-04-11,-0.1434908291958284,0.4376271101576975,-1.313479782284716
2017-04-12,-0.3767037418986906,0.4330792470055167,-1.2988870351404167
2017-04-13,-0.6838020289804216,0.4605985492204148,-1.3871883329965307
2017-04-17,0.8576465691107291,0.5453706813004107,-1.6591970207982552
2017-04-18,-0.2907602845833255,0.6049059548049266,-1.850228097008518
2017-04-19,-0.1717825396868574,0.5891855159308065,-1.7997858603335992
2017-04-20,0.7528850362973852,0.5644253608930885,-1.7203378493384125
2017-04-21,-0.3039688107115378,0.5982432123619319,-1.8288493280120084
2017-04-24,1.0781736588111828,0.5850297988217964,-1.7864513938059636
2017-04-25,0.6072214211751177,0.6847245972319635,-2.1063425022496802
2017-04-26,-0.0485821475687349,0.6729497519163392,-2.068560507804279
2017-04-27,0.0552767000299206,0.6304972719759131,-1.9323430613487913
2017-04-28,-0.1914979471490041,0.590508582061238,-1.8040311880513684
2017-05-01,0.1730791826893825,0.5671816118218783,-1.729181842995254
2017-05-02,0.1188343585811529,0.5356904208641594,-1.6281359294438595
2017-05-03,-0.1272169395827386,0.50718664163695,-1.536675736161628
2017-05-04,0.0581933287869546,0.4905346017997187,-1.4832442676564705
2017-05-05,0.4080359407478359,0.46795632808908844,-1.410797268222019
2017-05-08,0.0037445271907879,0.4669698830527896,-1.4076320579892627
2017-05-09,-0.1025774556793217,0.4488233372918049,-1.3494051621985388
2017-05-10,0.1129962717449474,0.43906947650573336,-1.3181079090998864
2017-05-11,-0.2165151374106618,0.4234908879629803,-1.268120828164863
2017-05-12,-0.1479535340794259,0.4292201858732421,-1.28650444986173
2017-05-15,0.4765142303015233,0.42649002120815827,-1.277744159306205
2017-05-16,-0.0687133036986045,0.442271981965251,-1.3283838014992806
2017-05-17,-1.834546817111504,0.43118736983800743,-1.292816561115644
2017-05-18,0.3680038627215951,0.8971157105731953,-2.7878427385086746
2017-05-19,0.67447032082007,0.835590775377487,-2.590427426671545
2017-05-22,0.514686329600843,0.8093427177320561,-2.5062051764780464
2017-05-23,0.183618517238041,0.7693700921674229,-2.3779448489264725
2017-05-24,0.2486033804576294,0.714586750289456,-2.202161315210969
2017-05-25,0.4432112041978174,0.6679940796343615,-2.0526592218330344
2017-05-26,0.0310501785302423,0.6402233662537706,-1.9635512199386844
2017-05-30,-0.1205350729533819,0.5994230784525374,-1.8326351691748153
2017-05-31,-0.0460074619951327,0.5696478661424277,-1.7370953233461424
2017-06-01,0.7542595584847225,0.5397325037681799,-1.6411057774320035
2017-06-02,0.370087461804602,0.5793705820236126,-1.7682926416607796
2017-06-05,-0.1218407140428638,0.5573595040408793,-1.6976656054841404
2017-06-06,-0.2782908666204083,0.5332688596514374,-1.6203658560513148
2017-06-07,0.1567028796347538,0.5274039690946196,-1.6015471576734643
2017-06-08,0.0267169035664767,0.5005635061895314,-1.515424054294226
2017-06-09,-0.0830333866187276,0.4771960180050836,-1.4404446991415694
2017-06-12,-0.0979242479718113,0.46181817895105487,-1.3911017639141618
2017-06-13,0.450135884323014,0.44973335864873304,-1.3523251514579335
2017-06-14,-0.0996326965317602,0.4572640197855325,-1.3764888147260375
2017-06-15,-0.2242109796840374,0.44599421245385057,-1.3403273377305518
2017-06-16,0.0283599150059695,0.44857259325929777,-1.3486005987932912
2017-06-19,0.8312583206893995,0.4323132424181424,-1.296429153080011
2017-06-20,-0.6719160446931665,0.5174727694055843,-1.5696808765097179
2017-06-21,-0.0582814193271596,0.5833478758124007,-1.7810546005492183
2017-06-22,-0.0455885972438085,0.5522356839310141,-1.6812247828880855
2017-06-23,0.1559698555409097,0.5245436587276279,-1.5923692680705828
2017-06-26,0.0315751939732361,0.4980567501863505,-1.5073806160282064
2017-06-27,-0.8105586575672906,0.47491588540138097,-1.4331284283066938
2017-06-28,0.8769501646551084,0.5870891990087655,-1.7930593996301831
2017-06-29,-0.8637216844141349,0.640363491584675,-1.9640008406625222
2017-06-30,0.1532057610873533,0.7169271029558012,-2.20967081440777
2017-07-03,0.230816797914758,0.6673871885647096,-2.0507118879693675
2017-07-05,0.14522240362887,0.6256203132677675,-1.916694343944656
2017-07-06,-0.9412987306866184,0.5864541918632403,-1.7910218495985755
2017-07-07,0.6382712569615802,0.6968242394361942,-2.145166673803339
2017-07-10,0.0927336103512565,0.6872436138504107,-2.114425281202178
2017-07-11,-0.0782987066082173,0.6405402169813449,-1.9645679001674554
2017-07-12,0.7279050947821435,0.6032433318922963,-1.8448932320514013
2017-07-13,0.1872829473473065,0.6243646009089772,-1.912665134550127
2017-07-14,0.4662616170009233,0.5862703998374239,-1.790432115371724
2017-07-17,-0.0052914236706864,0.5727324860722319,-1.7469929559629713
2017-07-18,0.0597678698110987,0.5409341281379714,-1.6449614344744512
2017-07-19,0.535825821605345,0.5117941888763663,-1.551459991881366
2017-07-20,-0.0153671088607044,0.5197605248671684,-1.577021606839934
2017-07-21,-0.0367939329208882,0.49510047042750643,-1.4978947890441787
2017-07-24,-0.1064300995408804,0.47464932810670274,-1.4322731248222778
2017-07-25,0.2918907519898033,0.4612487501881323,-1.3892746355077066
2017-07-26,0.0282624006119479,0.45017225399970445,-1.3537334367702263
2017-07-27,-0.0973161637393713,0.43368778267302077,-1.3008396460319551
2017-07-28,-0.1342015678116038,0.4259110432193982,-1.27588639025965
2017-07-31,-0.0728410834559801,0.42245607683201675,-1.2648004254458376
2017-08-01,0.2446120774938466,0.41471297428079673,-1.239955100540195
2017-08-02,0.0492527407347449,0.40755938177131223,-1.2170013389226753
2017-08-03,-0.218604183494567,0.39686745423263925,-1.1826941071885348
2017-08-04,0.1887321417539568,0.4079184371810652,-1.2181534414882076
2017-08-07,0.1645844644280467,0.39885848231800797,-1.1890827271699984
2017-08-08,-0.2417352230385335,0.3903076808177511,-1.1616457353347212
2017-08-09,-0.0363674792712376,0.40578032400644815,-1.2112928689777704
2017-08-10,-1.458021840074153,0.39845438510474157,-1.1877860987848448
2017-08-11,0.1274757127987136,0.7480759174325312,-2.309618143140747
2017-08-14,0.9993651246049404,0.6947573204600971,-2.138534542409615
2017-08-15,-0.049893232688349,0.7479761629890856,-2.309298060649034
2017-08-16,0.1419095523332371,0.6969234794024093,-2.145485105489853
2017-08-17,-1.5557342487191417,0.6494699670455875,-1.9932208258138209
2017-08-18,-0.1837053661351993,0.9111520241053473,-2.8328811152932927
2017-08-21,0.1161975714566196,0.8478942807564839,-2.6299057348299884
2017-08-22,0.9891695260625076,0.7837341035693421,-2.4240347112094933
2017-08-23,-0.3459570132639007,0.8155127281882877,-2.5260029143282483
2017-08-24,-0.2076616747138441,0.7759408168167861,-2.39902836005125
2017-08-25,0.1671471668937421,0.7298770441326622,-2.2512233437614433
2017-08-28,0.0486953473296074,0.6791326240870532,-2.0883995150904786
2017-08-29,0.0842466762009791,0.6335866182320599,-1.942255859348335
2017-08-30,0.4604531788061043,0.5930608438340351,-1.8122206408669461
2017-08-31,0.5704673584713544,0.5778445260682924,-1.763395979659558
2017-09-01,0.1980578042335197,0.5788716028812066,-1.7666915652405453
2017-09-05,-0.7579458552144929,0.5466664494168171,-1.6633547572664902
2017-09-06,0.3123842493144133,0.6241618583562447,-1.912014593689856
2017-09-07,-0.0178452044853709,0.5918467146487334,-1.808324859571696
2017-09-08,-0.1489960143457705,0.5580730751849067,-1.6999552441398826
2017-09-11,1.0780975197147025,0.5358406221203283,-1.6286178808304086
2017-09-12,0.3358302594883113,0.6505782998060294,-1.9967771376868195
2017-09-13,0.0756834248082529,0.616423941062177,-1.8871859067400998
2017-09-14,-0.1101323850827973,0.5779452939559084,-1.7637193139937366
2017-09-15,0.1845477546159349,0.5503345363769424,-1.675124562935938
2017-09-18,0.145486192912933,0.5212939929556858,-1.581942052183338
2017-09-19,0.1109579616731385,0.4950124074283366,-1.4976122209376521
2017-09-20,0.0634146702309437,0.47172018286798456,-1.4228743644842397
2017-09-21,-0.3050565946914834,0.4516263065386692,-1.3583990611141479
2017-09-22,0.064758399516702,0.46387593738991656,-1.397704501854497
2017-09-25,-0.2224522699853856,0.4448463113637077,-1.3366440627957974
2017-09-26,0.0072164125894879,0.44741932116318206,-1.3449000898896488
2017-09-27,0.4076822401987924,0.4319328487048954,-1.2952085822125623
2017-09-28,0.1203890628938027,0.43729759436240145,-1.3124224636012147
2017-09-29,0.3698263068498826,0.42205029096296826,-1.2634983786639518
2017-10-02,0.3866518829712313,0.42474854078874597,-1.2721562639437325
2017-10-03,0.2156511184660919,0.42889086049496095,-1.2854477421700852
2017-10-04,0.1245943661113638,0.41786999444818407,-1.2500850440962241
2017-10-05,0.563090403129274,0.40551228398354067,-1.2104328078572055
2017-10-06,-0.1074211165239724,0.44026181555604305,-1.3219337722996398
2017-10-09,-0.1806063868013556,0.4322192543273647,-1.296127573107747
2017-10-10,0.2319719630478064,0.4322789893923629,-1.2963192452557424
2017-10-11,0.1801882929663564,0.42162381209270383,-1.2621299341642154
2017-10-12,-0.1688177120351388,0.41013686210749006,-1.2252717106459778
2017-10-13,0.0877722004846304,0.4128256319712724,-1.233899177532833
2017-10-16,0.1749222532305753,0.40097766509670635,-1.1958825576414298
2017-10-17,0.0672352905433993,0.3924528653091009,-1.1685289976081537
2017-10-18,0.0742059511329546,0.3838175689313673,-1.1408208867130571
2017-10-19,0.0327944115010485,0.3764677417584268,-1.1172374661262723
2017-10-20,0.5103796185030386,0.37099132702579996,-1.099665271718396
2017-10-23,-0.3980395312997195,0.4045592725691909,-1.207374876224287
2017-10-24,0.1616600874558041,0.4425834661991271,-1.3293832622377175
2017-10-25,-0.4673955687259984,0.4274077927304982,-1.2806890165531353
2017-10-26,0.1270139250602399,0.4732404199473089,-1.4277523554341938
2017-10-27,0.8040609979727099,0.45304599596454564,-1.3629544243962017
2017-10-30,-0.3197577376740719,0.5255627059301219,-1.5956390890076904
2017-10-31,0.0944012936679315,0.5262276221526077,-1.5977726084171793
2017-11-01,0.1590844107903869,0.4987992004461976,-1.5097629192212942
2017-11-02,0.0189947769666715,0.47576918110064914,-1.435866401715759
2017-11-03,0.3092289326314394,0.4559457473008594,-1.3722588683990693
2017-11-06,0.127044388477643,0.4470726845393993,-1.3437878355335806
2017-11-07,-0.0189120805081917,0.43051866787759735,-1.2906708943933543
2017-11-08,0.1442613932060414,0.4185233272231339,-1.2521813956501082
2017-11-09,-0.3768981339370136,0.40642898548030026,-1.2133742317086682
2017-11-10,-0.089804697605371,0.4401023786558885,-1.3214221864643647
2017-11-13,0.0983150911293032,0.43076838044756566,-1.291472148140524
2017-11-14,-0.2312280560281922,0.41629549534319343,-1.2450329423620206
2017-11-15,-0.5540998742123611,0.42522009716906906,-1.273669348834828
2017-11-16,0.8162652782972404,0.49007828859987485,-1.4817800936210812
2017-11-17,-0.2629416978897395,0.5550438570295094,-1.690235379423761
2017-11-20,0.127486988879011,0.5439235536368713,-1.6545536163305055
2017-11-21,0.6519838879752696,0.5144710606520249,-1.5600492813240718
2017-11-22,-0.0750542703329544,0.5406734926019168,-1.644125132161212
2017-11-24,0.2053984278231966,0.515962899447949,-1.5648361505856365
2017-11-27,-0.0384331586803253,0.4921334179929325,-1.4883743957313649
2017-11-28,0.9800332196793644,0.4721679934203988,-1.4243112560399576
2017-11-29,-0.0369293882790778,0.5821205463623101,-1.7771164635102146
2017-11-30,0.8157586662811174,0.5502507945232578,-1.6748558601066479
2017-12-01,-0.2026582935805332,0.5997400873175851,-1.8336523568199459
2017-12-04,-0.1052710549286453,0.5760821345519684,-1.7577409867746816
2017-12-05,-0.3746390525955308,0.5484181006589989,-1.6689752877896875
2017-12-06,-0.0114112170530349,0.5526203951330089,-1.6824592072993825
2017-12-07,0.2928067010109385,0.5235546002632543,-1.5891956721204472
2017-12-08,0.5491202035518141,0.5034208313514392,-1.5245923652573146
2017-12-11,0.3196842121695832,0.5149469329256045,-1.5615762146395564
2017-12-12,0.1547723722089516,0.4980130313317243,-1.507240335160104
2017-12-13,-0.0473068970150185,0.47498567117586094,-1.4333523502074148
2017-12-14,-0.4079167730762682,0.4578639923045487,-1.3784139490079108
2017-12-15,0.8934313410142761,0.48532179010146165,-1.466517897385845
2017-12-18,0.5348478579597589,0.5694920063914878,-1.7365952155242197
2017-12-19,-0.3235498043118501,0.5670695355042383,-1.7288222232552888
2017-12-20,-0.0828236073572566,0.5611882974903227,-1.7099510707248182
2017-12-21,0.1983687012658398,0.5341814272999079,-1.623294015606822
2017-12-22,-0.0458271638113755,0.5076832481116064,-1.5382691993931252
2017-12-26,-0.1058975700058569,0.48592914327037307,-1.4684667139893006
2017-12-27,0.0790628310242261,0.47081863482907854,-1.4199815635951263
2017-12-28,0.1832319002919555,0.4507328218195838,-1.3555321330324055
2017-12-29,-0.5196632292748299,0.4350802093270008,-1.3053075311460378
2018-01-02,0.8269078218398127,0.4897210944511372,-1.4806339632914005
2018-01-03,0.6378433243936035,0.5571656181864875,-1.6970434831481505
2018-01-04,0.4020542855326989,0.572254123949736,-1.7454580334590595
2018-01-05,0.7009145888585349,0.554158189320269,-1.6873935338135606
2018-01-08,0.1660963767296979,0.5806395293759025,-1.7723643182332187
2018-01-09,0.1302083517298422,0.5473063307641216,-1.6654079471693328
2018-01-10,-0.1112845811520687,0.5174618919893689,-1.5696459740997062
2018-01-11,0.7009025768882019,0.4981834939526494,-1.5077872992708252
2018-01-12,0.6726926399094035,0.5370790341853487,-1.6325915787013805
2018-01-16,-0.353071326160267,0.5621464615683722,-1.7130255357308775
2018-01-17,0.9371006206502086,0.5609379477936831,-1.7091477726266857
2018-01-18,-0.1617697497473624,0.6340142402581237,-1.9436279718967726
2018-01-19,0.4375647986990156,0.6025111895470522,-1.842544003906166
2018-01-22,0.803436438221324,0.5834808636898757,-1.7814813192969712
2018-01-23,0.2172004968222319,0.6227436532067293,-1.907463993011448
2018-01-24,-0.0560132547232047,0.5858142647715571,-1.788968512915557
2018-01-25,0.0602439398832889,0.5542863668905925,-1.6878048177090326
2018-01-26,1.1771638106084168,0.5234644934922882,-1.5889065461549776
2018-01-29,-0.6754736284863033,0.6688809218615268,-2.055504836123716
2018-01-30,-1.0958642805337084,0.6997741597304645,-2.1546320951473126
2018-01-31,0.0488865858694788,0.815126713548726,-2.5247643075714863
2018-02-01,-0.0648298352023325,0.754577496061659,-2.330479785146872
2018-02-02,-2.143668051669881,0.703316352287073,-2.1659979429279828
2018-02-05,-4.184254093838143,1.1309112221724122,-3.538023355223901
2018-02-06,1.7290573348937088,2.0467534006893993,-6.476689908718124
2018-02-07,-0.5014138223752627,1.9848096581759511,-6.2779307681233
2018-02-08,-3.82590522458017,1.8263876592048796,-5.7696014504368796
2018-02-09,1.4825645199524344,2.3214750477661523,-7.358190384152194
2018-02-12,1.3818665678186273,2.191835185491761,-6.942214426501663
2018-02-13,0.2609521980277558,2.0674940452319075,-6.543240499905873
2018-02-14,1.3313439808897014,1.886226542461983,-5.9616067205051815
2018-02-15,1.199686177677526,1.7951775606554474,-5.669457479248536
2018-02-16,0.0373399649921694,1.70086571748928,-5.36683868136832
2018-02-20,-0.5858517106837343,1.5528971358352779,-4.892051286690003
2018-02-21,-0.5511664483310909,1.4460380541995015,-4.549172113284101
2018-02-22,0.097307748557786,1.348468782178026,-4.236101190079212
2018-02-23,1.5901278245121022,1.2340382373299825,-3.8689274316183497
2018-02-26,1.16884386206274,1.288968075732871,-4.045181029334058
2018-02-27,-1.278831144146754,1.2613767344518103,-3.9566485794309623
2018-02-28,-1.115780608365608,1.2862338198271928,-4.0364076111980625
2018-03-01,-1.3413965854876448,1.2787531479950518,-4.012404348816791
2018-03-02,0.5058785485198549,1.3117657097838382,-4.118331891192006
2018-03-05,1.097161761052657,1.2130503606251029,-3.8015835455774574
2018-03-06,0.263538293199681,1.1868570597292183,-3.7175369935907514
2018-03-07,-0.0483991825716375,1.0905366627983861,-3.4084733410100525
2018-03-08,0.4453148208884627,1.0030834214095152,-3.1278617667754154
2018-03-09,1.7229546741207586,0.9343226428286276,-2.907228774598665
2018-03-12,-0.1274797337998416,1.093217340869112,-3.417074843727348
2018-03-13,-0.6383910414314703,1.0078825080931637,-3.143260615895243
2018-03-14,-0.5740969825188785,0.9747087868309937,-3.0368159604569684
2018-03-15,-0.078223639909655,0.9383148306316991,-2.9200385239718054
2018-03-16,0.1701997947231741,0.8674570634540931,-2.6926769158863473
2018-03-19,-1.4306040541373417,0.8018352052892317,-2.482115790519218
2018-03-20,0.1480708661718925,0.972349482995641,-3.0292456525664666
2018-03-21,-0.1845692125629406,0.8955042625994023,-2.7826720787876407
2018-03-22,-2.5484886972854417,0.8340501765699351,-2.585484100960736
2018-03-23,-2.1189807311750664,1.3345626270458366,-4.191480453086251
2018-03-26,2.679504070603539,1.5243089574109396,-4.800320281357876
2018-03-27,-1.7427285645321902,1.755452517259239,-5.5419915696159645
2018-03-28,-0.2920918899462677,1.771834549408024,-5.594556663344075
2018-03-29,1.3675777493843446,1.6247033151814003,-5.122456068789415
2018-04-02,-2.259068234349587,1.5745767283342589,-4.961614684035714
2018-04-03,1.2535961315741069,1.734760892507905,-5.4755982684331554
2018-04-04,1.150010234644679,1.654548417053406,-5.218220169541916
2018-04-05,0.6839421401651201,1.572777755676024,-4.955842313090793
2018-04-06,-2.2164067057064987,1.4575171507543894,-4.586005137468249
2018-04-09,0.3330994967592829,1.637742576942557,-5.164295201468165
2018-04-10,1.6588598996314068,1.4989405764304515,-4.718920653286175
2018-04-11,-0.5540685772461174,1.515163988479064,-4.770976782048461
2018-04-12,0.8216898697657044,1.4100317799586952,-4.433638633488776
2018-04-13,-0.2890799826706634,1.324458567305238,-4.159059515166264
2018-04-16,0.8076336801563068,1.222442348666584,-3.8317196561167326
2018-04-17,1.060507161386675,1.158692403824,-3.627164946702322
2018-04-18,0.0831020407553266,1.135665645792796,-3.5532788937894964
2018-04-19,-0.574258179583257,1.042078317824913,-3.252984850796791
2018-04-20,-0.8573177188352707,0.9963788389697522,-3.106348745609716
2018-04-23,0.0056230111184539,0.9967590473022949,-3.1075687216453383
2018-04-24,-1.3470888006475166,0.9177846047254524,-2.854163103925022
2018-04-25,0.1835374232823634,1.0335267375374093,-3.225545360063682
2018-04-26,1.0380144187376954,0.9509261265282271,-2.960504440825905
2018-04-27,0.1113005271363814,0.9592301951021409,-2.9871497397087303
2018-04-30,-0.8221192548921248,0.8834564198496779,-2.7440141163560536
2018-05-01,0.2545802171027392,0.8982893749419814,-2.79160868018125
2018-05-02,-0.7231951201402356,0.8315247610965446,-2.577380789976144
2018-05-03,-0.2256217585064076,0.8391797844273198,-2.601943494725988
2018-05-04,1.2729810028334958,0.7867785531484375,-2.4338034490572893
2018-05-07,0.3451980554989958,0.8772537460244646,-2.7241115714198676
2018-05-08,-0.0265676611733821,0.8167118283381227,-2.529850471895772
2018-05-09,0.9635647934868784,0.757344129594467,-2.3393570935077985
2018-05-10,0.9327011603848374,0.7897619528175849,-2.443376295808709
2018-05-11,0.1706139270961256,0.8100398036433978,-2.5084419189000746
2018-05-14,0.0883099510126558,0.7505615061449149,-2.3175936618339925
2018-05-15,-0.6865655043990812,0.6968053301346251,-2.145105999449859
2018-05-16,0.4052339847514407,0.7239610419049236,-2.232240643155533
2018-05-17,-0.08562387886101,0.685537346280914,-2.108950373455615
2018-05-18,-0.2635665254550315,0.6431575899324358,-1.9729662754878041
2018-05-21,0.7359604547933372,0.6190240064027448,-1.8955287470595952
2018-05-22,-0.3140688592875189,0.6383826657170633,-1.9576449565790086
2018-05-23,0.3243145206898751,0.6202108312009239,-1.8993369166559269
2018-05-24,-0.2025262957722551,0.5891890620650554,-1.7997972388291041
2018-05-25,-0.2360003054185922,0.5670001733747785,-1.728599660706081
2018-05-29,-1.1631572511792223,0.5511981182383898,-1.6778955415957646
2018-05-30,1.2615875351923802,0.7340144745313328,-2.2644991336466305
2018-05-31,-0.6903333243434208,0.8358742647006442,-2.5913370600251686
2018-06-01,1.079079970923988,0.8374312688942739,-2.596333025765553
2018-06-04,0.4469594898352221,0.8751571304370587,-2.71738415238767
2018-06-05,0.0702346269575674,0.8213185479164434,-2.544632071895959
2018-06-06,0.8530900637311971,0.7599574609504305,-2.34774250054529
2018-06-07,-0.0714443621984528,0.7721648424517157,-2.3869123756231776
2018-06-08,0.3121028907751347,0.7191696843297966,-2.21686659445791
2018-06-11,0.106813700694032,0.6750909988410123,-2.07543113559137
2018-06-12,0.1741867278703848,0.6298025624361506,-1.9301139439999933
2018-06-13,-0.4034254541411456,0.5907186535662351,-1.8047052453508223
2018-06-14,0.2468500522503686,0.5915403172388876,-1.8073417209463827
2018-06-15,-0.101762031549408,0.5597217467856621,-1.7052453434653811
2018-06-18,-0.2128391180886516,0.5340146669768657,-1.6227589310744985
2018-06-19,-0.4031517951391294,0.5208800817415915,-1.580613933573487
2018-06-20,0.1710690224112545,0.5345174906502967,-1.6243723434571968
2018-06-21,-0.6365728843220269,0.5071146689061912,-1.5364447969653277
2018-06-22,0.1860203255133883,0.5679396539940338,-1.7316141760212984
2018-06-25,-1.3819722967770651,0.5367186188839341,-1.6314351126458972
2018-06-26,0.2202150505696723,0.7920591382505732,-2.450747284126836
2018-06-27,-0.8641586313141116,0.7357319392902836,-2.270009969860907
2018-06-28,0.6159680019031287,0.7890475739556428,-2.4410840654251817
2018-06-29,0.0758115887517,0.7625544948004016,-2.3560756137084775
2018-07-02,0.3063260834293461,0.7075120599436449,-2.179460727289556
2018-07-03,-0.4959629280533677,0.6645084776681076,-2.0414749565116765
2018-07-05,0.8583856745537827,0.6659636483718453,-2.04614416871549
2018-07-06,0.844551760058016,0.6977402047281321,-2.1481057353913715
2018-07-09,0.8784290785341505,0.720467529706395,-2.2210309962394406
2018-07-10,0.3467249318821859,0.7447194293833157,-2.298848166174405
2018-07-11,-0.7119486371916502,0.6996255157213535,-2.1541551405057833
2018-07-12,0.87109915801719,0.7308927276468958,-2.2544823716182374
2018-07-13,0.1078655536608647,0.751768319209239,-2.3214659678618625
2018-07-16,-0.1028664620898538,0.6979148536981299,-2.148666132257528
2018-07-17,0.3965824343443431,0.6548977855468691,-2.0106370892949177
2018-07-18,0.2158182076737462,0.6247712023955282,-1.913969798407238
2018-07-19,-0.3960826849049506,0.5875455247238729,-1.7945236138233498
2018-07-20,-0.0948897771274367,0.5878801940214664,-1.7955974685708043
2018-07-23,0.1836362343231518,0.5580662631216521,-1.6999333862445858
2018-07-24,0.4769518886053561,0.5280166827514777,-1.6035131744965743
2018-07-25,0.9060435070372712,0.5251271756544992,-1.5942416012264669
2018-07-26,-0.303690274886736,0.6008660646669984,-1.8372652849579258
2018-07-27,-0.6583834644845457,0.5872153937293236,-1.793464321147482
2018-07-30,-0.5770789315587143,0.6328422541491354,-1.9398674152632913
2018-07-31,0.4872837219303093,0.6533616197812236,-2.0057079879038517
2018-08-01,-0.1040893067571133,0.6320814789395106,-1.9374263127287126
2018-08-02,0.4914349582208699,0.5971626654311336,-1.8253821726445196
2018-08-03,0.4633432065347987,0.5848111969770254,-1.7857499651703
2018-08-06,0.3531982650801626,0.571172734127465,-1.7419881735022464
2018-08-07,0.2820201746485767,0.5489039668149313,-1.670534288516456
2018-08-08,-0.0262414393295107,0.524575966890136,-1.5924729354040978
2018-08-09,-0.1442714677039949,0.49969401893585397,-1.5126341269781367
2018-08-10,-0.7139312263244473,0.48549385329205436,-1.4670699972510217
2018-08-13,-0.4014037665980266,0.5700868557904448,-1.7385039112297527
2018-08-14,0.6368930016417421,0.5742696133701538,-1.7519251426265956
2018-08-15,-0.7631208581378816,0.585911908609679,-1.7892818230993144
2018-08-16,0.788821455263811,0.6540765474319369,-2.008001979188159
2018-08-17,0.3317606375263089,0.6756541794129952,-2.0772382154019375
2018-08-20,0.2425074902128281,0.6380664315383071,-1.9566302546729584
2018-08-21,0.2066399954627057,0.6002875233672402,-1.8354089171171615
2018-08-22,-0.0398231054243505,0.5657229248011261,-1.7245013479706177
2018-08-23,-0.1692693923535106,0.5360470734913536,-1.6292803221911434
2018-08-24,0.6179705928285333,0.5185865752944102,-1.5732547500322038
2018-08-27,0.7641141407110444,0.5380865336935089,-1.6358243465043292
2018-08-28,0.0269242077598355,0.5800409560312224,-1.770443673487775
2018-08-29,0.5685242468911669,0.546531148114825,-1.6629206154240033
2018-08-30,-0.4440172044458075,0.5528791006114452,-1.6832893166288279
2018-08-31,0.013446846730492,0.5668033284631129,-1.7279680436308837
2018-09-04,-0.1655692048879307,0.535231064640136,-1.6266619912443077
2018-09-05,-0.2807062801265972,0.5175752875400358,-1.5700098268680942
2018-09-06,-0.3658991036618157,0.5146153253215207,-1.5605121839606206
2018-09-07,-0.2215797895014483,0.5237530061362259,-1.5898322978585875
2018-09-10,0.1896028214693379,0.5130900019476864,-1.5556178725966168
2018-09-11,0.3732865689715426,0.4890577010633849,-1.478505330207965
2018-09-12,0.0356608349893552,0.48083496759376304,-1.4521210116077847
2018-09-13,0.5268352159391334,0.45992596403721214,-1.3850302061613438
2018-09-14,0.0275443900766355,0.476596266353952,-1.438520273559383
2018-09-17,-0.5585290991549207,0.45644398528485824,-1.3738575666612838
2018-09-18,0.5354652867625239,0.5137179529448003,-1.5576327815358841
2018-09-19,0.1252488033171986,0.5212743714133481,-1.5818790924599837
2018-09-20,0.7810014185329059,0.49468449673695464,-1.4965600525576614
2018-09-21,-0.0368600937007048,0.5507455989596026,-1.6764435411304262
2018-09-24,-0.3521882314013849,0.5228722016416051,-1.5870060568650781
2018-09-25,-0.1305948493117946,0.52848575230721,-1.6050182799034085
2018-09-26,-0.3294699681159941,0.509027559460243,-1.5425826967296623
2018-09-27,0.2759476228511396,0.5139552742501717,-1.5583942753815334
2018-09-28,-0.0006870144138179,0.49405363574831396,-1.49453580631665
2018-10-01,0.3634492342198501,0.4723238831369851,-1.4248114600127728
2018-10-02,-0.0396768910279079,0.46580610761430763,-1.403897846967902
2018-10-03,0.0711266736718371,0.4496139771631831,-1.3519420915957416
2018-10-04,-0.8203035421009814,0.43251675426772535,-1.2970821623862405
2018-10-05,-0.5543314584622145,0.5620332341561668,-1.7126622224690604
2018-10-08,-0.0395194708349697,0.5931823535217196,-1.8126105295000532
2018-10-09,-0.1418909834154297,0.5600315094049325,-1.7062392800519737
2018-10-10,-3.3416389042602077,0.5369948907319307,-1.6323215872573793
2018-10-11,-2.078757997254153,1.5048292229184945,-4.737815577417956
2018-10-12,1.4106235408376289,1.641068829368649,-5.174968161266614
2018-10-15,-0.5922482291300049,1.594522253396775,-5.025613972087733
2018-10-16,2.126782803490127,1.4835063468817553,-4.669396777647306
2018-10-17,-0.0252694262664882,1.5952647493706573,-5.027996421963634
2018-10-18,-1.4496490575341183,1.4579452399612667,-4.587378749061679
2018-10-19,-0.0361235135279379,1.4767696227901823,-4.647780623431651
2018-10-22,-0.4308797096477867,1.3509928668685933,-4.244200230975503
2018-10-23,-0.5527076180694164,1.2549136996054793,-3.9359106130187405
2018-10-24,-3.1350773861140837,1.179847476594827,-3.6950453154455842
2018-10-25,1.8453717978714168,1.7153764527491457,-5.413399337095956
2018-10-26,-1.7479138010003177,1.7251852487312542,-5.444872860983386
2018-10-29,-0.658120829519397,1.7480178958578982,-5.518136069440825
2018-10-30,1.5545322971877482,1.6250885502514745,-5.123692174138366
2018-10-31,1.0792878754571094,1.6023670716172587,-5.050785672478414
2018-11-01,1.0502498868529206,1.519374628807583,-4.78448748093574
2018-11-02,-0.6336721055879746,1.443859415004483,-4.54218150476583
2018-11-05,0.5584693697194117,1.3536473105461317,-4.2527175552878065
2018-11-06,0.6239787744408636,1.2536603142562752,-3.931888870309413
2018-11-07,2.0987078560774024,1.1693413146386058,-3.6613341504975634
2018-11-08,-0.2512068988491457,1.3552436574471942,-4.25783976013485
2018-11-09,-0.9241585915372432,1.2481562992082607,-3.914228114656381
2018-11-12,-1.9898150985467495,1.2177679732547122,-3.8167209685660164
2018-11-13,-0.1483018822173893,1.4081066063903345,-4.427461321166064
2018-11-14,-0.7596188818450545,1.291685123394738,-4.053899231307576
2018-11-15,1.053803274264194,1.2337228140426173,-3.8679153316228305
2018-11-16,0.2220837537483982,1.1982878753509894,-3.7542150985468385
2018-11-19,-1.6783161235721438,1.0998443176217325,-3.4383388512065016
2018-11-20,-1.831799555658597,1.246061276638523,-3.9075058071465074
2018-11-21,0.3038669310767201,1.390202289099038,-4.370011664859254
2018-11-23,-0.6576419711855616,1.2747726553544005,-3.9996321257592617
2018-11-26,1.5412975845366428,1.207656085250273,-3.7842749120637453
2018-11-27,0.3256384364612641,1.2584380705235108,-3.947219276434634
2018-11-28,2.271405130311378,1.1568290594334014,-3.621186025915817
2018-11-29,-0.2185494545393453,1.3913349415986036,-4.373646011578898
2018-11-30,0.8137547716617559,1.2791417319490572,-4.013651199743343
2018-12-03,1.0882001794362437,1.208843040318243,-3.7880834996572896
2018-12-04,-3.290022883855611,1.1820108143932782,-3.701986826309948
2018-12-06,-0.1523387914144285,1.7666524724593926,-5.577928911790596
2018-12-07,-2.359633545632224,1.6154285354967963,-5.092696045185449
2018-12-10,0.1760603222916321,1.7886618298353023,-5.648550427049066
2018-12-11,-0.0356409675305666,1.6326245197469729,-5.1478728703587935
2018-12-12,0.5404871010351243,1.4918798107652147,-4.696264745544417
2018-12-13,-0.0199950312415038,1.3762130713270984,-4.325124404433539
2018-12-14,-1.927121226869981,1.2599251777977325,-3.9519909636431114
2018-12-17,-2.0992284828576646,1.4231446773667287,-4.475714041169593
2018-12-18,0.0086396853789103,1.5844949895326605,-4.993439449411512
2018-12-19,-1.55154591759368,1.4478107377708218,-4.554860130328045
2018-12-20,-1.5897809484103955,1.487190405062687,-4.681217830238443
2018-12-21,-2.080312049854063,1.5260732042512823,-4.805981227428539
2018-12-24,-2.748657287831441,1.6575506226061152,-5.227853358809031
2018-12-26,4.840317767080504,1.9140780646913318,-6.050974014083886
2018-12-27,0.8526228968816992,2.6248039800849132,-8.331483173042592
2018-12-28,-0.1242353910231272,2.41105270183121,-7.645618570051778
2018-12-31,0.8456625862206875,2.198296888550034,-6.962948119600083
2019-01-02,0.1267693062626164,2.0275969868251495,-6.4152226450036265
2019-01-03,-2.506833181891511,1.8488101010164244,-5.841548431417769
2019-01-04,3.375939906034647,1.9985200213513044,-6.321923266661542
2019-01-07,0.6985975995229761,2.271345967928387,-7.197341000129256
2019-01-08,0.9648587336497392,2.0849177395630853,-6.599147979349821
2019-01-09,0.408967133282216,1.9346407101644802,-6.116953458927919
2019-01-10,0.4508241374462229,1.7693792664606935,-5.5866783868834196
2019-01-11,-0.0146308544482466,1.6216034066739893,-5.11250937965093
2019-01-14,-0.5271394587249489,1.4816318122280863,-4.663381950617803
2019-01-15,1.0664618879761,1.378166437998564,-4.331392180081786
2019-01-16,0.2219520529088364,1.3235920269982966,-4.15627904373025
2019-01-17,0.7562730706235749,1.212779577073868,-3.800714681286299
2019-01-18,1.309691283985578,1.145001297201881,-3.583234236745401
2019-01-22,-1.425847682797247,1.1647079949868682,-3.6464671987327333
2019-01-23,0.2200489919450871,1.2380683436774502,-3.8818588503803744
2019-01-24,0.1374780110977555,1.1356378058091101,-3.553189563519689
2019-01-25,0.8452867700518018,1.0422269850716737,-3.2534618800010624
2019-01-28,-0.7877775848708899,1.0073113089921897,-3.141427806997823
2019-01-29,-0.1457307935114838,0.9949890847029695,-3.101889435395391
2019-01-30,1.5429609891560043,0.9207080793845038,-2.863543669050832
2019-01-31,0.8560648809767757,1.0390894521552447,-3.2433944652670883
2019-02-01,0.0898206584807114,1.0060160808905252,-3.1372718032771045
2019-02-04,0.6753381117479677,0.9254288747639625,-2.878691304541883
2019-02-05,0.4697370437350199,0.8865492630840179,-2.7539381351238648
2019-02-06,-0.2226915717508786,0.8330689909140512,-2.5823357665234825
2019-02-07,-0.9401193202230232,0.7811915247964993,-2.415876328275573
2019-02-08,0.06759725660127,0.8398087461626961,-2.6039616468252627
2019-02-11,0.0708851803818394,0.7764928957171373,-2.400799817882532
2019-02-12,1.2807852902838603,0.7199534194083324,-2.2193813684180075
2019-02-13,0.3019431593710975,0.8303652450500738,-2.573660246083395
2019-02-14,-0.2655163383698621,0.7729232665493377,-2.3893459341350325
2019-02-15,1.082000466495754,0.7316469633404906,-2.256902490780916
2019-02-19,0.1497621326592005,0.7935333706606699,-2.4554776597060037
2019-02-20,0.177553356074094,0.7355079195848898,-2.269291156913648
2019-02-21,-0.3532669325841389,0.6843466536805297,-2.1051297932264883
2019-02-22,0.6390638694710404,0.6637606578742653,-2.0390754240728413
2019-02-25,0.123110444975171,0.6597499011958217,-2.0262060926731547
2019-02-26,-0.0790769672840298,0.6163280570955862,-1.8868782434633407
2019-02-27,-0.0544197436298073,0.5820610970498862,-1.776925708257676
2019-02-28,-0.2829507598950442,0.5509367711534437,-1.6770569561326798
2019-03-01,0.6871656588713029,0.5427493821653775,-1.6507860475153924
2019-03-04,-0.3888107395255168,0.569186918490598,-1.735616278725663
2019-03-05,-0.1132173489706859,0.571711811233105,-1.7437179124215259
2019-03-06,-0.6545473604125029,0.5451216489217198,-1.6583979495836263
2019-03-07,-0.8158911138331157,0.6000978920582561,-1.8348004463584668
2019-03-08,-0.2133964131453649,0.676418889994515,-2.079691945380452
2019-03-11,1.4559535563489443,0.6433055708643961,-1.9734411025109608
2019-03-12,0.2948965727805163,0.8242364081304729,-2.553994621929006
2019-03-13,0.6925546757019283,0.7671573244388782,-2.3708447320427366
2019-03-14,-0.0868399331596182,0.753679270500155,-2.3275976451046216
2019-03-15,0.497251940843072,0.7034080074061545,-2.166292037084399
2019-03-18,0.3699096798908033,0.6760267992131886,-2.078433842082695
2019-03-19,-0.0130570079926759,0.6410339506466167,-1.9661521454037012
2019-03-20,-0.2948696740769673,0.601160825171093,-1.8382110841960397
2019-03-21,1.0794015494689355,0.5864666152256939,-1.7910617124926205
2019-03-22,-1.9156827134273255,0.6860409619320339,-2.110566327060371
2019-03-25,-0.0839372833310059,1.04617190701609,-3.266119967219729
2019-03-26,0.7157052947934055,0.9642228391048158,-3.0031696569917736
2019-03-27,-0.465514327659887,0.9245941780339357,-2.876013009721685
2019-03-28,0.3583054715261726,0.8827146609522946,-2.7416340315405376
2019-03-29,0.6711706043324668,0.8222695238307838,-2.547683472211651
2019-04-01,1.1502195518044496,0.797576274417512,-2.468450141567962
2019-04-02,0.0017455554858152,0.8583994711668723,-2.6636137823749118
2019-04-03,0.2146072420089187,0.793909761158011,-2.4566853854381603
2019-04-04,0.2082465242994273,0.737214631470719,-2.2747674903398485
2019-04-05,0.4625717623099122,0.6866409543174723,-2.112491525087715
2019-04-08,0.1046911750523666,0.6581426069654057,-2.021048761085527
2019-04-09,-0.6085976435669539,0.6147879155559706,-1.8819363849900341
2019-04-10,0.3471837754499924,0.6446719471570941,-1.9778253997239816
2019-04-11,0.0038122340342693,0.6120662563656022,-1.8732033859861044
2019-04-12,0.6587578389545727,0.5751905651203468,-1.7548802042836777
2019-04-15,-0.0629567244357108,0.5901832538297505,-1.80298730602103
2019-04-16,0.0509228325139962,0.5584220900941522,-1.7010751297102673
2019-04-17,-0.2276400820738859,0.5271908641870736,-1.6008633670828136
2019-04-18,0.1577846824249674,0.5166221635095148,-1.5669515338832056
2019-04-22,0.1011505816932909,0.4912072807108941,-1.4854026952369879
2019-04-23,0.8802351174995391,0.46836639758676923,-1.4121130599006617
2019-04-24,-0.2194168603036236,0.5544169397953516,-1.6882237875239294
2019-04-25,-0.0369041740272857,0.5388484645660903,-1.6382691572193753
2019-04-26,0.4674350323304823,0.512526106457,-1.5538084988234744
2019-04-29,0.1070948504233886,0.5110770460225195,-1.5491588926656807
2019-04-30,0.0950964698791445,0.4856485354680032,-1.467566326583242
2019-05-01,-0.753044585029134,0.4635339881890872,-1.3966072880516793
2019-05-02,-0.2126244648682788,0.5645827761444819,-1.7208429483010186
2019-05-03,0.959212747891747,0.5468548059777338,-1.6639591377358343
2019-05-06,-0.4481013189072523,0.6289170097644262,-1.9272724675111421
2019-05-07,-1.6649488088905522,0.6295117537600811,-1.9291808250086673
2019-05-08,-0.1606715389419968,0.9340100603381116,-2.906225789879644
2019-05-09,-0.3025998661928289,0.8670190987039156,-2.6912716165966373
2019-05-10,0.3713394069918638,0.8170575490329427,-2.5309597873068217
2019-05-13,-2.4426469138497504,0.7649197663898836,-2.363665070356124
2019-05-14,0.7983987523216094,1.263512687449709,-3.9635022205735053
2019-05-15,0.5821994327723055,1.1936142023190373,-3.739218664725451
2019-05-16,0.8855957116499086,1.1129293580592177,-3.480324874111696
2019-05-17,-0.5854437174043804,1.072964467121234,-3.352089364688367
2019-05-20,-0.6772257975405369,1.0243624714204413,-3.1961399417973353
2019-05-21,0.8459949093190606,0.9938003794776538,-3.0980752320647955
2019-05-22,-0.2828392363899436,0.9661080683044405,-3.0092187996547364
2019-05-23,-1.198569224128196,0.9028477240263527,-2.8062350735791655
2019-05-24,0.1352643772037317,0.9882948054652675,-3.0804094741563914
2019-05-28,-0.8410950000260243,0.9096952156119373,-2.828206647907042
2019-05-29,-0.693591016723137,0.9229153568185992,-2.8706261692042556
2019-05-30,0.2096272674997037,0.9103237451166305,-2.8302234131059514
2019-05-31,-1.328320525045296,0.8409867601027295,-2.6077415449849344
2019-06-03,-0.2769070654307939,0.9733490750187107,-3.032453047589582
2019-06-04,2.1205927081077776,0.9088413475740046,-2.825466838032557
2019-06-05,0.8128726978813691,1.1850241557494843,-3.711655747075404
2019-06-06,0.6116840676004416,1.1266748916269693,-3.5244302240322387
2019-06-07,1.0442979247260027,1.056087526968578,-3.2979362576189337
2019-06-10,0.4649220074765499,1.0471879477939972,-3.269380141429937
2019-06-11,-0.0349941457951285,0.9747468448416026,-3.0369380773516608
2019-06-12,-0.2039657827237423,0.8988427038729295,-2.793384148990834
2019-06-13,0.4089010502850191,0.8381369918304605,-2.598597481844616
2019-06-14,-0.161281178615296,0.7859835158457005,-2.4312524096040544
2019-06-17,0.0931315432352843,0.7357567224770234,-2.2700894917738195
2019-06-18,0.9670489592970688,0.6836302636005682,-2.1028311094394554
2019-06-19,0.2980716793023842,0.7327815123043467,-2.2605429226933054
2019-06-20,0.942760533587314,0.6863371288738641,-2.1115166391410143
2019-06-21,-0.1260016279727998,0.7299898003643851,-2.251585145144514
2019-06-24,-0.1733388460587026,0.6843700989567637,-2.1052050221804746
2019-06-25,-0.9541775640387554,0.6472317420825814,-1.9860390241974852
2019-06-26,-0.1234695678803998,0.7430289963801112,-2.293424066865631
2019-06-27,0.3815885792590847,0.6957381751463492,-2.1416818148632535
2019-06-28,0.5740941840599626,0.6590954808722463,-2.0241062514975368
2019-07-01,0.7643018610953927,0.6471126221403461,-1.9856568035503996
2019-07-02,0.2923847276988696,0.6658016219383296,-2.045624273833901
2019-07-03,0.7643095660684157,0.6270857247526092,-1.921396415784789
2019-07-05,-0.1807534204548664,0.6497708652416733,-1.994186319089394
2019-07-08,-0.4847173010123794,0.6176023671794103,-1.8909671274544428
2019-07-09,0.123579305845389,0.6257602795715002,-1.917143454397356
2019-07-10,0.4500546936082613,0.5863031799330367,-1.7905372969989273
2019-07-11,0.2282619578948549,0.5709870049152795,-1.7413922234175492
2019-07-12,0.4609534302066538,0.5409345599023471,-1.6449628198785737
2019-07-15,0.0175853728384132,0.5339576837347951,-1.6225760887120144
2019-07-16,-0.3409584555010327,0.5064416953281202,-1.5342854238859343
2019-07-17,-0.6552665466093183,0.5134650425213824,-1.5568212668232382
2019-07-18,0.3575597708819082,0.5767168461842687,-1.7597775885917926
2019-07-19,-0.6195889464844692,0.5540295053125461,-1.686980624910329
2019-07-22,0.2824701686250326,0.5996203438916908,-1.8332681355982872
2019-07-23,0.682414513927642,0.5686416953460914,-1.7338668189862714
2019-07-24,0.4677192813475714,0.5888946178842747,-1.7988524545789046
2019-07-25,-0.5276296483599537,0.5751158128044052,-1.754640346221004
2019-07-26,0.7360535770783042,0.5986788460077531,-1.8302471474776116
2019-07-29,-0.1617421929057436,0.6221545920001151,-1.9055738699024194
2019-07-30,-0.2581985372044371,0.5922027253380654,-1.8094671925303294
2019-07-31,-1.094520695213996,0.5749089244460198,-1.7539765026971352
2019-08-01,-0.9039527568806016,0.7296140278093423,-2.2503794022063435
2019-08-02,-0.7309388539565105,0.7927156209571248,-2.4528537428791664
2019-08-05,-3.0230182169694775,0.8088754254280407,-2.504705773746083
2019-08-06,1.2933023911166612,1.4872000211228213,-4.681248685330026
2019-08-07,0.0766582333858876,1.4471574434634917,-4.5527639022053705
2019-08-08,1.8588462466865088,1.3232200964959304,-4.155085628802257
2019-08-09,-0.6638593133657111,1.414022472295571,-4.446443584353403
2019-08-12,-1.2393809115915355,1.330220346635395,-4.177547360128334
2019-08-13,1.5018346267301863,1.3355615330976316,-4.194685647030524
2019-08-14,-2.973035245453567,1.3539925576185425,-4.25382535098469
2019-08-15,0.2461236698180242,1.770216267496345,-5.5893640755385245
2019-08-16,1.4323058172245002,1.6168108587817904,-5.097131511578039
2019-08-19,1.2033175564397505,1.5770252133805058,-4.969471148043288
2019-08-20,-0.7946215312115467,1.5120461954062192,-4.760972706631535
2019-08-21,0.8212979557352937,1.429360305218387,-4.495658151743548
2019-08-22,-0.050620295927854,1.3414371147686814,-4.213538650030449
2019-08-23,-2.6288881122837853,1.2290697574280391,-3.8529850497844054
2019-08-26,1.092311273079789,1.5899750686982639,-5.0110234019005055
2019-08-27,-0.3208321800556238,1.5100384526648907,-4.754530454264958
2019-08-28,0.6524151530562512,1.390473399035811,-4.370881576425027
2019-08-29,1.2607482441094398,1.2929259010448064,-4.0578805196409915
2019-08-30,0.0642580759876775,1.2785545498821818,-4.011767106237699
2019-09-03,-0.6923009332685417,1.1709646137925838,-3.6665428371490507
2019-09-04,1.0783725278421428,1.12144036579566,-3.507634179533852
2019-09-05,1.292591292175976,1.1070172096371322,-3.461354539227787
2019-09-06,0.0910190804376786,1.1308376931291584,-3.5377874222813164
2019-09-09,-0.0094014678899926,1.0377249310430408,-3.239016120779325
2019-09-10,0.0322252425931015,0.9548238452748435,-2.973011066950241
2019-09-11,0.7203672326387199,0.879792787854016,-2.7322586053493465
2019-09-12,0.2875016278233316,0.8527537185500452,-2.645498232803655
2019-09-13,-0.072467687696605,0.7921820788988472,-2.4511417642890545
2019-09-16,-0.314051291635599,0.7369826127076413,-2.2740230107833996
2019-09-17,0.2578425372461985,0.7048010363443942,-2.170761854750455
2019-09-18,0.034263328426719,0.6597326939328537,-2.0261508796579135
2019-09-19,0.0019974521929475,0.6166085613732611,-1.887778298689286
2019-09-20,-0.4907599104880387,0.5792333784940814,-1.7678523961329884
2019-09-23,-0.0096940617827513,0.5956604794088741,-1.8205621021953855
2019-09-24,-0.845198896355148,0.5611583079986963,-1.7098548433200684
2019-09-25,0.6139685241963904,0.6552588705865732,-2.0117957043423966
2019-09-26,-0.243187100961319,0.6491701829813921,-1.9922589074578134
2019-09-27,-0.5330534579128577,0.6222736802732165,-1.9059559889326252
2019-09-30,0.5034910215248393,0.6373651499991032,-1.9543800497226047
2019-10-01,-1.2334126945412849,0.6202381760197682,-1.899424658088276
2019-10-02,-1.8065404187643832,0.7977886463627861,-2.4691315802995653
2019-10-03,0.7940304773866788,1.076554909601759,-3.3636100321977507
2019-10-04,1.4116785239259273,1.0305663151584339,-3.2160462406374526
2019-10-07,-0.448835227368152,1.093107955766679,-3.416723859300652
2019-10-08,-1.5683159552109929,1.0281531878405208,-3.2083032291177633
2019-10-09,0.9063296514845924,1.1672016588064542,-3.65446862805557
2019-10-10,0.6395202411782605,1.1221494640442604,-3.509909465991698
2019-10-11,1.0879579673789057,1.054504756939444,-3.2928576169365167
2019-10-14,-0.138808167321898,1.0527799259432757,-3.287323144646676
2019-10-15,0.9906445376489172,0.9720938875723133,-3.0284255224836008
2019-10-16,-0.2001544553193733,0.9689510965812106,-3.018341236143861
2019-10-17,0.2759021969775287,0.9001805279321369,-2.797676830535179
2019-10-18,-0.3927045709799847,0.8339735172675192,-2.585238123942743
2019-10-21,0.6848114105333746,0.7966036609847231,-2.4653293128581026
2019-10-22,-0.3575049258376838,0.7775052439328742,-2.404048143753364
2019-10-23,0.2843103345830729,0.7441648239287372,-2.2970686013782142
2019-10-24,0.1918604659171353,0.6957119213047008,-2.141597574053906
2019-10-25,0.4064429510656049,0.6493936921425584,-1.9929760822197164
2019-10-28,0.55658199161177,0.6208455491063619,-1.9013735386016806
2019-10-29,-0.0832751956480766,0.6127474566012996,-1.875389155975556
2019-10-30,0.324808940085731,0.5791403525712121,-1.7675539034728374
2019-10-31,-0.302743863453909,0.5535976496230117,-1.6855949277885542
2019-11-01,0.9615930559647514,0.5473498822941532,-1.6655476911423224
2019-11-04,0.3697245805312427,0.6298328200651562,-1.9302110317782506
2019-11-05,-0.1186402711820663,0.600873330321248,-1.8372885982925085
2019-11-06,0.0702250592289623,0.5707904294877093,-1.7407614710370738
2019-11-07,0.2726375244280665,0.5378434043619836,-1.6350442164213452
2019-11-08,0.2557403145115828,0.5144403211694557,-1.559950647420309
2019-11-11,-0.1964395413337192,0.4932505798435677,-1.4919590375422689
2019-11-12,0.1563423301263032,0.48482491811634304,-1.4649235822098388
2019-11-13,0.0711281570116295,0.46360851088022054,-1.3968464093162891
2019-11-14,0.0836692614456759,0.4445602179523576,-1.335726073693711
2019-11-15,0.7666028777973181,0.42811068625163234,-1.282944393876518
2019-11-18,0.0503026322809636,0.49919380296501353,-1.5110290819414334
2019-11-19,-0.0592770099692526,0.4755677582390504,-1.43522009535384
2019-11-20,-0.3763256420941067,0.4590031960352586,-1.3820693166897902
2019-11-21,-0.1584006086189507,0.4808380726384594,-1.4521309747774338
2019-11-22,0.2172573942375937,0.4707310513939734,-1.4197005342677804
2019-11-25,0.7479251887467208,0.4536460009609592,-1.3648796628884332
2019-11-26,0.2193163644940227,0.5133851948737289,-1.556565059348808
2019-11-27,0.4165735625299744,0.4904882858461071,-1.4830956534662048
2019-11-29,-0.4019286229989053,0.486667436922146,-1.4708356798570175
2019-12-02,-0.8668483693963605,0.506964020591673,-1.5359614111008202
2019-12-03,-0.6660225258045148,0.6232984383194943,-1.909244134277598
2019-12-04,0.6303657608769992,0.6622310470195768,-2.03416735545144
2019-12-05,0.149912692663027,0.6572533983616335,-2.018195553792524
2019-12-06,0.9094246030426012,0.6144596069297669,-1.8808829397549494
2019-12-09,-0.3167833684474369,0.6679240208631796,-2.0524344239666763
2019-12-10,-0.1097536168984129,0.6457031268518632,-1.9811341502388
2019-12-11,0.290393752935077,0.6094018572704147,-1.864654117684369
2019-12-12,0.8538667375555057,0.5776296385949248,-1.7627064693426464
2019-12-13,0.0072579150214686,0.6283857333756135,-1.9255677587839322
2019-12-16,0.7122360942542787,0.5894708836146287,-1.8007015207907913
2019-12-17,0.0335236028460926,0.6106518532973904,-1.8686649850615649
2019-12-18,-0.0432393640522742,0.5733110056080334,-1.7488492539696385
2019-12-19,0.4449378821864254,0.5428112562235758,-1.6509845830596397
2019-12-20,0.4932595804334098,0.5336816567328101,-1.6216903997389338
2019-12-23,0.086576871429851,0.531902297110025,-1.6159809612212803
2019-12-24,-0.019546730246814,0.5037501252954827,-1.525648972085792
2019-12-26,0.5115062410053991,0.4813880196134161,-1.4538955918909604
2019-12-27,0.003398413965793,0.4915333778028907,-1.4864490443131941
2019-12-30,-0.5797596079349905,0.4700132523483387,-1.4173973295268145
2019-12-31,0.2941690644190718,0.5282689579018425,-1.6043226508059698
2020-01-02,0.8343895362316707,0.5075677915007029,-1.537898733292305
2020-01-03,-0.7084909364954552,0.5718650555692972,-1.7442096281514237
2020-01-06,0.3527145194272564,0.6316609391909724,-1.9360769251132122
2020-01-07,-0.280717508459484,0.6011554211524892,-1.8381937442993872
2020-01-08,0.4890473485641129,0.5849044372830416,-1.7860491457225334
2020-01-09,0.6633214116906491,0.5741976307253978,-1.7516941716192118
2020-01-10,-0.2859262487504901,0.5901350733872185,-1.8028327092375203
2020-01-13,0.6951994045933256,0.5761300584915717,-1.7578947605161923
2020-01-14,-0.151568083689572,0.5970648294576445,-1.825068245955222
2020-01-15,0.1868450243687962,0.5697048085948392,-1.73727803482668
2020-01-16,0.8331747422232019,0.5382875712953299,-1.6364694166816196
2020-01-17,0.3854723247485144,0.5943711683260108,-1.8164250844371563
2020-01-21,-0.2655500369585384,0.5715821084830387,-1.7433017346755597
2020-01-22,0.0289034296681074,0.5581830301675386,-1.7003080571435092
2020-01-23,0.114032619335824,0.5273430811401919,-1.6013517862444293
2020-01-24,-0.9083289426193788,0.499862099225596,-1.5131734468930225
2020-01-27,-1.5855752356844035,0.6296129178464119,-1.9295054306272865
2020-01-28,1.0003383500352516,0.9088953216552379,-2.8256400248883238
2020-01-29,-0.0867250143584631,0.9184769138848523,-2.8563845191635084
2020-01-30,0.312945693021106,0.8500226077736521,-2.636734906456893
2020-01-31,-1.7864443571362951,0.7909008288110744,-2.447030611878825
2020-02-03,0.7228425761232584,1.0663063277348634,-3.3307253655385214
2020-02-04,1.486931591750606,1.013768553508849,-3.1621471939554837
2020-02-05,1.1187778658972936,1.09604847212631,-3.426159106200989
2020-02-06,0.3320155057001924,1.092162113855861,-3.4136889324831143
2020-02-07,-0.5415491009458352,1.0078322383527138,-3.143099315172937
2020-02-10,0.7299690120573207,0.9630793245888732,-2.9995004572756425
2020-02-11,0.1687048686002117,0.9252694617734301,-2.87817979542551
2020-02-12,0.6441853105203067,0.8535583619565422,-2.648080095401413
2020-02-13,-0.1631776359988659,0.8211307549366689,-2.5440294997917365
2020-02-14,0.1841836098485414,0.7669341366765218,-2.3701285885545125
2020-02-18,-0.2924213986147713,0.7124317537827433,-2.1952465690836087
2020-02-19,0.4694748284284925,0.6814916790632021,-2.0959690244654325
2020-02-20,-0.3822817427997528,0.654378531987143,-2.0089709582686957
2020-02-21,-1.0573809232819775,0.6418332416686329,-1.968716833783429
2020-02-24,-3.408807942044074,0.7647759859967612,-2.3632037216191604
2020-02-25,-3.0747904375353223,1.6089997900372925,-5.0720681032693395
2020-02-26,-0.3785697323530029,1.9662439239300664,-6.218358820522251
2020-02-27,-4.516813635226115,1.80356811488425,-5.696380285006826
2020-02-28,-0.8272463109653078,2.514698675177518,-7.978187829714348
2020-03-02,4.50108687694132,2.3216613814659683,-7.3587882738588295
2020-03-03,-2.851048492291458,2.790584529668691,-8.863423902252743
2020-03-04,4.133634936063314,2.816039260910972,-8.945100602763526
2020-03-05,-3.451078243998112,3.0590428722465117,-9.724827286859258
2020-03-06,-1.720094365238617,3.144921323273106,-10.000385824801244
2020-03-09,-7.901041294037148,2.958558990440068,-9.402404243286378
2020-03-10,4.821505242585911,4.258034905185475,-13.57203793925489
2020-03-11,-5.01028928086054,4.3378171652721145,-13.828035604331237
2020-03-12,-9.994485240247352,4.47251573930713,-14.260243471150645
2020-03-13,8.880840694923595,5.820130395513348,-18.584340144230847
2020-03-16,-12.765219747281742,6.416796739608461,-20.49886588907834
2020-03-17,5.822631263569171,7.886533486656694,-25.214816215788403
2020-03-18,-5.322227233208024,7.55131490073135,-24.139198964611357
2020-03-19,0.4696760970401053,7.220786928063491,-23.07863250342683
2020-03-20,-4.432762405336681,6.568031986449746,-20.98413504573761
2020-03-23,-2.973150100957679,6.257781565142043,-19.988633246747764
2020-03-24,8.968323251796326,5.829664877956327,-18.61493347714049
2020-03-25,1.1468990420822227,6.44440011843135,-20.587436963891257
2020-03-26,6.054383107424656,5.876698581779967,-18.76585071545473
2020-03-27,-3.4267845541626296,5.883945810251609,-18.789104927167966
2020-03-30,3.296659056997479,5.544530305591713,-17.70002100563847
2020-03-31,-1.6142310788415843,5.213345437764368,-16.637346762262187
2020-04-01,-4.514636273278691,4.793638321470812,-15.290630817258892
2020-04-02,2.257265705696037,4.756507167634559,-15.17148793169324
2020-04-03,-1.52528608259443,4.418006825823904,-14.085340496950602
2020-04-06,6.796824414483035,4.073984878051666,-12.981475862518439
2020-04-07,-0.1604339048362459,4.62561716959718,-14.751500658293999
2020-04-08,3.3489371191284687,4.208943893162772,-13.4145194076866
2020-04-09,1.438347030369934,4.058292534887725,-12.931123776663974
2020-04-13,-1.015605944467711,3.7338700650307555,-11.890148067383533
2020-04-14,3.0114559572307567,3.4280538211302454,-10.908874231621892
2020-04-15,-2.227673267236925,3.344478870822833,-10.640706945882737
2020-04-16,0.5799837839541289,3.1906650576307474,-10.147163932800591
2020-04-17,2.6440932021320576,2.91117891568121,-9.250375603132053
2020-04-20,-1.8042845615347771,2.852176513491505,-9.06105435329459
2020-04-21,-3.115511523633067,2.7120368290096035,-8.611387573073724
2020-04-22,2.267130058213675,2.801735622703235,-8.89920446019623
2020-04-23,-0.0539567660195596,2.704535867125934,-8.587319205920917
2020-04-24,1.3822090566839216,2.4635532883039715,-7.81407741713847
2020-04-27,1.4606868181735997,2.306554613581291,-7.31031512580401
2020-04-28,-0.5256170190483643,2.1764142495810255,-6.892733206213428
2020-04-29,2.623670404507307,1.9999167289430082,-6.326404888038052
2020-04-30,-0.9255143319054838,2.1019729925550035,-6.653873239557743
2020-05-01,-2.8460211014775956,1.961532223627636,-6.203240368442154
2020-05-04,0.4240822578849401,2.1607292643166067,-6.8424047296813315
2020-05-05,0.8999935197779801,1.974251870713821,-6.244053952202786
2020-05-06,-0.7003880399042588,1.8311080458308926,-5.784747774359074
2020-05-07,1.1438955754890805,1.7022916237290018,-5.371413992566451
2020-05-08,1.6730795065226245,1.6136585400669148,-5.087016653591961
2020-05-11,0.0133069366790764,1.6119794857777259,-5.081629065209507
2020-05-12,-2.0713365772047605,1.4726309779290843,-4.634500936695893
2020-05-13,-1.7616996624280044,1.615052558852093,-5.0914896473839475
2020-05-14,1.1458917804071491,1.6613788500300444,-5.240137007841321
2020-05-15,0.3918675203723029,1.5782480828283716,-4.973394974254866
2020-05-18,3.1015208770073426,1.4471076135666059,-4.552604012810912
2020-05-19,-1.0539747711599283,1.8150567060983551,-5.733243774742937
2020-05-20,1.65139906134157,1.7222040217404997,-5.435306985714035
2020-05-21,-0.7803968309953686,1.6988677253164315,-5.360427715690805
2020-05-22,0.2350945686812366,1.592049022486031,-5.017678105923281
2020-05-26,1.2214285021460518,1.455468986701966,-4.579433185075019
2020-05-27,1.4718447490314346,1.4101527986596418,-4.434026946690725
2020-05-28,-0.2110139324919548,1.4100754740438364,-4.433778834878931
2020-05-29,0.4800793552307952,1.2956897049989375,-4.066748748721216
2020-06-01,0.3744216478364391,1.1972096840477326,-3.7507555016911014
2020-06-02,0.8177307282398658,1.1037615563058354,-3.450908111034289
2020-06-03,1.355667081256392,1.0568198013214642,-3.300285909337631
2020-06-04,-0.3374389083608904,1.1025037217151663,-3.446872092025629
2020-06-05,2.5874012821635812,1.0275171831944045,-3.206262478401919
2020-06-08,1.1969656405806002,1.3978725480116223,-4.39462325608292
2020-06-09,-0.7829743419721977,1.357711195216314,-4.2657573586924284
2020-06-10,-0.5327255735182077,1.2936428890758256,-4.060181122076035
2020-06-11,-6.075269299628893,1.2121508586024365,-3.7986973097490417
2020-06-12,1.297628660521173,2.776472234528674,-8.818141722971415
2020-06-15,0.827786081817526,2.576715011593709,-8.177179902662566
2020-06-16,1.8784852866710529,2.3664514910633816,-7.502506482179825
2020-06-17,-0.3606796232629414,2.2787683583718303,-7.22115725477964
2020-06-18,0.0594043403801757,2.084844143260981,-6.598911830593488
2020-06-19,-0.5665513565673728,1.9006917938627754,-6.008021431987707
2020-06-22,0.6474093296658384,1.754824955020092,-5.539977908085979
2020-06-23,0.4298169191483789,1.617990651039477,-5.100917115832856
2020-06-24,-2.61952655956623,1.4843342706869476,-4.672053340155816
2020-06-25,1.089982772821816,1.758363776089977,-5.551332937763376
2020-06-26,-2.4525204274831163,1.6569352702502336,-5.225878875181545
2020-06-29,1.457888811353358,1.8413480214607385,-5.817604826150193
2020-06-30,1.529234943575556,1.7721714152248227,-5.595637566071709
2020-07-01,0.5009563975870565,1.7228095715736744,-5.437250015946717
2020-07-02,0.4530970476816914,1.5816941587255497,-4.984452412116308
2020-07-06,1.575693083216329,1.4525973174911064,-4.570218848303244
2020-07-07,-1.0877477869643568,1.4626780787048186,-4.602565028144478
2020-07-08,0.7796986263430269,1.4229237322507151,-4.475005093669885
2020-07-09,-0.5659591476194623,1.3319998032433833,-4.183257109842807
2020-07-10,1.0411809774443004,1.248917527792999,-3.9166706719375446
2020-07-13,-0.9406645216058874,1.2095286984450744,-3.7902835737003016
2020-07-14,1.331730058290395,1.187537449701148,-3.7197201636835286
2020-07-15,0.9041056936355047,1.2032382276973024,-3.7700993144187023
2020-07-16,-0.3411915214115237,1.1529120077277208,-3.6086173660464596
2020-07-17,0.284456258758356,1.072524993898397,-3.3506792251562496
2020-07-20,0.8371797255140334,0.9884678952231415,-3.080964867972213
2020-07-21,0.1677629334560068,0.9604029477289668,-2.99091275587114
2020-07-22,0.5730630594473862,0.8850391572426298,-2.7490926523186183
2020-07-23,-1.239637841224685,0.8408022282276528,-2.6071494368007277
2020-07-24,-0.6209640024276134,0.9516459465318989,-2.962814130223211
2020-07-27,0.7367928821482372,0.9245003538238669,-2.8757119555941237
2020-07-28,-0.6494435418646306,0.8929888479606791,-2.7746008575222527
2020-07-29,1.2351783351742582,0.8788127496764357,-2.729113952830431
2020-07-30,-0.3757301763454851,0.938773005647535,-2.9215086720238026
2020-07-31,0.7641236242176269,0.8862196585387427,-2.7528805316679414
2020-08-03,0.7155362664358673,0.8638745129175935,-2.681181571290118
2020-08-04,0.3605423026133557,0.8385796433556855,-2.600017819608638
2020-08-05,0.6409160435517922,0.7832889064628737,-2.422606205428498
2020-08-06,0.6407126020664802,0.760640790075886,-2.3499351015120373
2020-08-07,0.0632829269956669,0.7413738699795535,-2.2881132559975397
2020-08-10,0.2738465273391921,0.6887202446326351,-2.1191633524478264
2020-08-11,-0.8001055401377297,0.6462818437090375,-1.9829910813913654
2020-08-12,1.3899502293613537,0.7073100454509135,-2.1788125225583954
2020-08-13,-0.2049272676156681,0.8490387785707485,-2.6335780896594776
2020-08-14,-0.0171897396279029,0.7941161150330455,-2.4573475139631094
2020-08-17,0.2706177507423455,0.7369714025007504,-2.273987040546583
2020-08-18,0.2300740419816847,0.6887221103952613,-2.1191693391280153
2020-08-19,-0.4414123345182018,0.6444212706966183,-1.977021053137388
2020-08-20,0.3153654768346133,0.6413910231777297,-1.967297885498411
2020-08-21,0.3435199982972466,0.6070674884058681,-1.8571638187369348
2020-08-24,0.9993615364903508,0.5791391671421964,-1.767550099781894
2020-08-25,0.3589899745540117,0.6616135229663095,-2.0321859034896477
2020-08-26,1.0144001344841498,0.6276714072268655,-1.9232756975414467
2020-08-27,0.1671646031809138,0.7005952000306591,-2.1572665705251115
2020-08-28,0.6710002849570254,0.6531471145811042,-2.005019704188679
2020-08-31,-0.2197375175508541,0.6556336404500454,-2.012998229940013
2020-09-01,0.7496831420705943,0.6257969163597807,-1.9172610110101362
2020-09-02,1.5249050143869731,0.6461799802732432,-1.982664231767255
2020-09-03,-3.5757594142185303,0.84575371287664,-2.623037285896825
2020-09-04,-0.8166280754275103,1.703058328241132,-5.373874120478291
2020-09-08,-2.8148829086466787,1.5991798712766816,-5.0405588896769205
2020-09-09,1.9944760662180383,1.8898056778268195,-5.973091106826091
2020-09-10,-1.7741245925395586,1.8944426528404161,-5.987969787565507
2020-09-11,0.0532930158087349,1.8916831165973977,-5.979115252307429
2020-09-14,1.266133502502299,1.7256421627817569,-5.4463389629707475
2020-09-15,0.5205785930499657,1.6481632858582003,-5.1977321728944945
2020-09-16,-0.4629646892151834,1.5154488536491677,-4.771890830087823
2020-09-17,-0.8447949528552456,1.4036770203374291,-4.413248090235189
2020-09-18,-1.1245576947828506,1.3406971737864435,-4.211164398366714
2020-09-21,-1.1638564027297718,1.3255493833176601,-4.162559620978066
2020-09-22,1.0463016398376153,1.3191773835418057,-4.14211375916976
2020-09-23,-2.400733891437413,1.2703363382179802,-3.9853972967731126
2020-09-24,0.298300555462905,1.5526761835907188,-4.891342316316901
2020-09-25,1.5850439224188495,1.421210963893258,-4.469509326818337
2020-09-28,1.59821918538544,1.43861750818401,-4.52536177685725
2020-09-29,-0.4824282704443997,1.455162998176856,-4.5784513584398345
2020-09-30,0.8219842568379611,1.3513051961945837,-4.2452024033644715
2020-10-01,0.5278949564295078,1.2728832451912018,-3.9935695676213356
2020-10-02,-0.962381286637086,1.1796708120222912,-3.694478451107299
2020-10-05,1.781310900290093,1.1657585571440623,-3.64983814183421
2020-10-06,-1.4072064387523204,1.2766608363650183,-4.0056907399102615
2020-10-07,1.7247163770241565,1.3225533031390557,-4.152946086223958
2020-10-08,0.7978212894869287,1.385746432922696,-4.355714140875591
2020-10-09,0.8755095180752878,1.3008564365723052,-4.083327261506163
2020-10-12,1.6282530158324222,1.2342864314544826,-3.8697238131233194
2020-10-13,-0.6326891629163268,1.2967891058946948,-4.070276400883376
2020-10-14,-0.6645172084059406,1.2243259548147685,-3.8377635908878838
2020-10-15,-0.1528923514213078,1.1644711120560662,-3.6457071115013626
2020-10-16,0.0134910456630455,1.0727476205430018,-3.3513935681836435
2020-10-19,-1.6464663514942677,0.9859457243370047,-3.072871967908046
2020-10-20,0.4716195320001127,1.1564150999514984,-3.61985775242885
2020-10-21,-0.2198114011570277,1.0723483237206477,-3.3501123428324933
2020-10-22,0.5205354003491341,0.9933719867299444,-3.0967006464986544
2020-10-23,0.3439838320389479,0.931118314370279,-2.896947032735447
2020-10-26,-1.8764472985322012,0.8645359572174293,-2.6833039503271636
2020-10-27,-0.3030205350445511,1.1387197861630038,-3.5630787265184707
2020-10-28,-3.592554210857772,1.057384251017908,-3.3020970613930594
2020-10-29,1.1876524939997442,1.8039734130572846,-5.697680766916513
2020-10-30,-1.2203713445259965,1.7072168965288506,-5.3872177355947395
2020-11-02,1.2242950890591666,1.6497356613593583,-5.202777460612373
2020-11-03,1.7642737684077832,1.5774110474931402,-4.9707091755425585
2020-11-04,2.18075256550917,1.5979481686344672,-5.036606720358417
2020-11-05,1.927326577670128,1.6953647389027768,-5.3491876688217905
2020-11-06,-0.0287756585373819,1.723360163604765,-5.439016702854506
2020-11-09,1.1631974746344154,1.5738805649936218,-4.959380901870089
2020-11-10,-0.1400775220867666,1.5043821207974464,-4.736380959008867
2020-11-11,0.7622728362991461,1.378241754399766,-4.331633848127148
2020-11-12,-1.002865154706935,1.2910218326305851,-4.051770927512905
2020-11-13,1.3518546706294008,1.2653776694702104,-3.9694863960297937
2020-11-16,1.1580734922832605,1.2704997171942172,-3.9859215315640775
2020-11-17,-0.4803443784647531,1.244213510820333,-3.901576873389167
2020-11-18,-1.1631210647481314,1.1640324056853295,-3.644299432570724
2020-11-19,0.3938675690732779,1.186407291788223,-3.7160938213542667
2020-11-20,-0.6815737372918576,1.0949661594563422,-3.422686285098987
2020-11-23,0.5620108181849692,1.054729421012947,-3.293578497470371
2020-11-24,1.6032458814031776,0.9885400837687757,-3.0811964996545886
2020-11-25,-0.1585674755509406,1.1032608026166693,-3.449301340618589
2020-11-27,0.2394111025901136,1.0181038669269127,-3.17605793189639
2020-11-30,-0.4606140636972006,0.938299138345601,-2.919988172069058
2020-12-01,1.1208140661592922,0.894070881119635,-2.7780727817561246
2020-12-02,0.1789564528604284,0.9280642744526143,-2.8871475223289593
2020-12-03,-0.0624352080294229,0.8562319538252603,-2.65665886059327
2020-12-04,0.8797463715186881,0.7936420194630167,-2.4558262815635934
2020-12-07,-0.1937513438963252,0.8040737386695204,-2.489298581755353
2020-12-08,0.2783271170170473,0.7537101612238516,-2.32769676429641
2020-12-09,-0.7980964948471709,0.70387789633577,-2.1677997716195723
2020-12-10,-0.1285934527771722,0.7509675027173291,-2.318896384700632
2020-12-11,-0.1265798084232835,0.7030167348801941,-2.1650365593259897
2020-12-14,-0.4368788245146958,0.660649647445954,-2.029093112155242
2020-12-15,1.2838482022218645,0.6542700865386497,-2.0086229889134493
2020-12-16,0.1771225620323064,0.7849488062667168,-2.427932332735283
2020-12-17,0.5741142808983284,0.7283196831270522,-2.2462262331169947
2020-12-18,-0.3517296952148704,0.705789968070836,-2.1739350440360696
2020-12-21,-0.3913928486909485,0.6818973988172373,-2.0972708591038045
2020-12-22,-0.207524469177036,0.6662022250543852,-2.0469096906950073
2020-12-23,0.0745533271818688,0.633957569723383,-1.94344613291958
2020-12-24,0.3530349979486952,0.5934199341461976,-1.8133728554239832
2020-12-28,0.8684707538411499,0.5680627393446571,-1.7320091204905383
2020-12-29,-0.2229864827278697,0.6242126341070015,-1.9121775180495084
2020-12-30,0.1340648095079215,0.5989401665857629,-1.8310856478877813
2020-12-31,0.6418204711703793,0.5627956873887741,-1.7151087092828634
2021-01-04,-1.4864762712025787,0.5774341226581591,-1.7620791165546597
2021-01-05,0.7057631383362026,0.8480145037299905,-2.6302914947780374
2021-01-06,0.5693603382474094,0.8238396888865633,-2.5527216672643798
2021-01-07,1.4738260107752972,0.7873390186106991,-2.435601816884161
2021-01-08,0.5476837393515369,0.9263066263064421,-2.8815077495153387
2021-01-11,-0.6576327616621317,0.8744547861580438,-2.7151305374197277
2021-01-12,0.0415702030569564,0.8644724325326297,-2.683100118410573
2021-01-13,0.2273056386726107,0.7987512757462674,-2.472220373149473
2021-01-14,-0.3760513068743101,0.7419041875450061,-2.289814888144303
2021-01-15,-0.7216000798278505,0.7155155580520609,-2.20514158448729
2021-01-19,0.8103457635761656,0.7452813517052708,-2.3006512086329485
2021-01-20,1.3839417376510863,0.7531218591934005,-2.325809077159049
2021-01-21,0.0316673161313549,0.8794957487721258,-2.7313054948293165
2021-01-22,-0.301515266293771,0.8123060751510908,-2.5157137135793484
2021-01-25,0.3609317513017465,0.7690879630003233,-2.3770395799111674
2021-01-26,-0.1489943161153501,0.7219686032591509,-2.2258474971031172
2021-01-27,-2.601331512610035,0.6786189519588706,-2.086751293226536
2021-01-28,0.9713298778760396,1.2785553264809637,-4.011769598113395
2021-01-29,-1.9500377654792,1.2260069196423276,-3.843157309622641
2021-02-01,1.5924300234678626,1.4040970590893314,-4.4145958703007295
2021-02-02,1.3802528814310624,1.4259819978619803,-4.4848181630767545
2021-02-03,0.100826061534478,1.4084614521552168,-4.428599916226839
2021-02-04,1.0794847643921974,1.2882404606083842,-4.04284632770063
2021-02-05,0.3889919607763825,1.2482265862053454,-3.914453644832129
2021-02-08,0.7372107476289037,1.1501518277306877,-3.599760765172235
2021-02-09,-0.1114145421721174,1.088327162793673,-3.401383709285174
2021-02-10,-0.0345244522391567,1.0029255524503151,-3.1273552119987094
2021-02-11,0.1661074814587707,0.9240988936211048,-2.874423788595388
2021-02-12,0.4699970926162607,0.8524698163079737,-2.6445872745154175
2021-02-16,-0.0569434515415466,0.803152442898826,-2.4863424162382777
2021-02-17,-0.032045334891695,0.746181476436007,-2.3035394425473013
2021-02-18,-0.4425614227243303,0.6947556251479496,-2.138529102654576
2021-02-19,-0.1856619095664925,0.6835963601518068,-2.1027223233043983
2021-02-22,-0.7762892893710862,0.6474320762850844,-1.9866818373744999
2021-02-23,0.1255529611526533,0.7031272924135025,-2.1653913057364425
2021-02-24,1.1287667670985946,0.6547905046370548,-2.0102928565997056
2021-02-25,-2.478339442417185,0.746850032698933,-2.305684641769476
2021-02-26,-0.4761532293798777,1.2668463208526421,-3.9741988637426093
2021-03-01,2.351217322569352,1.1836944012028234,-3.707388958209055
2021-03-02,-0.8113678739508761,1.4311342807213405,-4.501350314213822
2021-03-03,-1.315233589480116,1.3606401771560739,-4.27515559505243
2021-03-04,-1.3508038064390469,1.3735801565817156,-4.3166761600941195
2021-03-05,1.9308356338709187,1.3904005785906473,-4.37064791716404
2021-03-08,-0.537364322402543,1.481340761187846,-4.662448053951569
2021-03-09,1.4055400743930568,1.3786948444464284,-4.333087680017708
2021-03-10,0.6012203770988197,1.3730844081581735,-4.315085450094751
2021-03-11,1.0341825500657609,1.2738097384182316,-3.9965424102378666
2021-03-12,0.101488332753085,1.2298801032238702,-3.8555852096622014
2021-03-15,0.6470939539413049,1.1270061331233718,-3.5254930799799564
2021-03-16,-0.157091697859591,1.059449891047636,-3.308725089026325
2021-03-17,0.2875244650159259,0.9788244502841731,-3.0500219066549055
2021-03-18,-1.4870560065947798,0.9046573286574892,-2.8120415593791313
2021-03-19,-0.0602885673755023,1.058433945557916,-3.3054652205677133
2021-03-22,0.7000556898342752,0.9745480433754989,-3.0363001822722158
2021-03-23,-0.7660118119334028,0.9317352039794812,-2.8989264489539663
2021-03-24,-0.5482336600348829,0.9286809334765835,-2.889126198667696
2021-03-25,0.522658343272929,0.8957017414309345,-2.7833057299241135
2021-03-26,1.6494418658716574,0.8454550894266284,-2.622079091608308
2021-03-29,-0.0868389626386738,1.0121519259604959,-3.156959914512321
2021-03-30,-0.3162829409650029,0.9338218465568205,-2.90562186754787
2021-03-31,0.3615953592419885,0.8768577473450342,-2.7228409288334405
2021-04-01,1.1755830427674128,0.8172581977338916,-2.531603609616289
2021-04-05,1.43349877622439,0.8788520167767796,-2.7292399493363138
2021-04-06,-0.0974004940796928,0.9825227349976808,-3.061888607979453
2021-04-07,0.1474145698106813,0.9076524887817432,-2.821652141951074
2021-04-08,0.4211750940591774,0.8374872295570781,-2.596512586973752
2021-04-09,0.7690288135687275,0.7862734276527585,-2.4321826508081057
2021-04-12,-0.0196098074739533,0.7805429692356642,-2.413795305388207
2021-04-13,0.3289071877062569,0.7249492951232221,-2.2354116553092855
2021-04-14,-0.4096104320730151,0.6811471309008241,-2.0948634713640373
2021-04-15,1.1033101401119478,0.667853363881726,-2.0522077066205666
2021-04-16,0.3602323390517967,0.7504503263592242,-2.3172369187997686
2021-04-19,-0.5320689893757947,0.7055258883796184,-2.1730876904480367
2021-04-20,-0.6825561005077803,0.7052594982081565,-2.17223292321257
2021-04-21,0.9263020919853237,0.7299711615135318,-2.251525338587355
2021-04-22,-0.9253337860554324,0.7610740148442343,-2.351325191602616
2021-04-23,1.086940989553096,0.821267752129732,-2.544469083246857
2021-04-26,0.1780684564582624,0.8639428614781828,-2.6814008815967347
2021-04-27,-0.0214918981444234,0.7988330451048162,-2.472482746825533
2021-04-28,-0.0845897587396047,0.7412816503804285,-2.2878173505916934
2021-04-29,0.6740041536702409,0.6923358077894708,-2.1307646247742915
2021-04-30,-0.7220713417119827,0.6884992997592272,-2.1184544057265677
2021-05-03,0.2744321649512167,0.724032951584468,-2.2324713800391427
2021-05-04,-0.670073748984723,0.6774588216956934,-2.083028778494122
2021-05-05,0.0703216447113516,0.7055671487764144,-2.1732200828524184
2021-05-06,0.8132299498632055,0.6568530355921396,-2.0169109081324152
2021-05-07,0.7346291419186352,0.6822182113895828,-2.0983002517201377
2021-05-10,-1.0490480503138024,0.689351785424323,-2.1211897799756625
2021-05-11,-0.8711750141781542,0.7961897887394864,-2.4640013192877848
2021-05-12,-2.1682782358302415,0.8375178171657723,-2.5966107335591895
2021-05-13,1.2099644578094055,1.2119001079793605,-3.797892725196609
2021-05-14,1.480777856362363,1.202978356499028,-3.7692654646392327
2021-05-17,-0.2533258183961915,1.2430087861559296,-3.897711268418686
2021-05-18,-0.85537723840327,1.1476566636232355,-3.591754521869571
2021-05-19,-0.294775181137841,1.1229341114445526,-3.5124271673223557
2021-05-20,1.049942933450842,1.0428130196313954,-3.2553422914957966
2021-05-21,-0.0784188075252809,1.0370211643319232,-3.2367579416476624
2021-05-24,0.9862497481216076,0.955848718439662,-2.9762995816765474
2021-05-25,-0.2127545400828598,0.9547963467103139,-2.9729228321934804
2021-05-26,0.1875057550610454,0.888309638477069,-2.7595866588657287
2021-05-27,0.1164636089862995,0.8208044289084193,-2.542982416126837
2021-05-28,0.0768586452887337,0.7595253091976505,-2.346355853444165
2021-06-01,-0.0492454758629164,0.7048101623625959,-2.1707911374424786
2021-06-02,0.1445889036900292,0.658664840904562,-2.022724455267447
2021-06-03,-0.3635303056049319,0.6156242937406737,-1.8846200751007467
2021-06-04,0.8795303383016323,0.6068847644289255,-1.8565775115628842
2021-06-07,-0.0797056269421507,0.6559669262959317,-2.0140676456003015
2021-06-08,0.0175009549441211,0.6168589694464264,-1.8885817841004156
2021-06-09,-0.1825532590615683,0.5790845902251838,-1.7673749786044903
2021-06-10,0.4641454776462911,0.5566015521525081,-1.6952335621520445
2021-06-11,0.194653893280836,0.5474734263129811,-1.665944107342111
2021-06-14,0.181355638513617,0.5191258568390478,-1.5749851449357333
2021-06-15,-0.201371995427588,0.49402509980029113,-1.4944442429032214
2021-06-16,-0.5404703747026491,0.48597714856820473,-1.4686207487852923
2021-06-17,-0.0435810543672647,0.5319517526805485,-1.6161396495132048
2021-06-18,-1.321135568728416,0.5068303414321009,-1.5355324742333678
2021-06-21,1.3905163512319856,0.7561046071755644,-2.335379832839772
2021-06-22,0.5111406378990612,0.8832534214253115,-2.7433627544794215
2021-06-23,-0.1083870518649585,0.8335581781722123,-2.58390542368459
2021-06-24,0.5794429545916893,0.7752142575761956,-2.3966970464368096
2021-06-25,0.3325063164687565,0.7465237178351192,-2.304637593927947
2021-06-28,0.2312288860471749,0.7003531207014757,-2.156489809588947
2021-06-29,0.0277297742687815,0.6547422284076042,-2.0101379524643175
2021-06-30,0.1327278422907191,0.6123048242842247,-1.873968879844804
2021-07-01,0.5208041432254744,0.5745425982927106,-1.7528010704669412
2021-07-02,0.7472095894691672,0.5694320940797905,-1.7364029746440142
2021-07-06,-0.2023902770021778,0.6010928480585433,-1.8379929657562706
2021-07-07,0.3353346553662935,0.5772230864742395,-1.7614019638859915
2021-07-08,-0.8597881009556395,0.5527168411356947,-1.6827686739836643
2021-07-09,1.1214825902413763,0.6529007555176898,-2.004229210851739
2021-07-12,0.344523269559405,0.7437582042710967,-2.295763879215454
2021-07-13,-0.3523011181165584,0.6986430970560058,-2.1510028497060074
2021-07-14,0.1164256565469325,0.6758507066407616,-2.0778688131235046
2021-07-15,-0.3267573562745912,0.6305298652138951,-1.932447643405148
2021-07-16,-0.7567415006813216,0.6149815999164426,-1.8825578607916573
2021-07-19,-1.5996781399983977,0.6744045026231483,-2.0732283723622253
2021-07-20,1.50488060047999,0.9393895030787865,-2.923486829859324
2021-07-21,0.8208041662144043,1.0439540594158734,-3.25900355053093
2021-07-22,0.2014639209242975,1.0057158362851282,-3.136308407180655
2021-07-23,1.0094332386254414,0.9262867414979521,-2.8814439450488014
2021-07-26,0.2379366922729592,0.9342436117311792,-2.906975187192226
2021-07-27,-0.4723583382178002,0.8631391412473626,-2.678821981196556
2021-07-28,-0.0186279231552706,0.8304719844231102,-2.5740027411473267
2021-07-29,0.4197331845272641,0.769413543453016,-2.378084271244721
2021-07-30,-0.5420713608261166,0.7263970392410752,-2.2400570377965194
2021-08-02,-0.1844505670060361,0.7240379983367916,-2.232487573574017
2021-08-03,0.8169961338918061,0.6827195395468171,-2.0999088654338838
2021-08-04,-0.4643150661295458,0.7035551805798208,-2.1667642722502056
2021-08-05,0.5987485990419112,0.6939061225141705,-2.1358033000702985
2021-08-06,0.1673864548528882,0.6795919546441286,-2.0898733709323887
2021-08-09,-0.0940350264954934,0.6345450135467305,-1.945331066324289
2021-08-10,0.099218695386345,0.5987757318613358,-1.8305580255132698
2021-08-11,0.1274930718015483,0.5623777694886658,-1.7137677344031703
2021-08-12,0.413780773547866,0.530617339680303,-1.6118579130477373
2021-08-13,0.1606016320922844,0.5200040048214561,-1.5778028619676139
2021-08-16,0.2617422261994359,0.4942143401901039,-1.4950514593179682
2021-08-17,-0.708574350713799,0.47621178190396435,-1.4372865767281813
2021-08-18,-1.080665284525433,0.5622790830264445,-1.7134510787471904
2021-08-19,0.1255903256156918,0.7175689716134922,-2.2117303810015985
2021-08-20,0.810860389074176,0.6676144105619732,-2.0514409761236805
2021-08-23,0.8487667984412182,0.6903767521259047,-2.1244785948337648
2021-08-24,0.1494618801962072,0.7153394234481032,-2.2045764206613545
2021-08-25,0.2217657403250879,0.6659195865211573,-2.046002787274518
2021-08-26,-0.5841949827602656,0.6239916649590327,-1.9114684934383672
2021-08-27,0.8769071540452218,0.6475450245933492,-1.9870442550743581
2021-08-30,0.42973241068746,0.6868378152374837,-2.113123193528957
2021-08-31,-0.1350026915893209,0.6552861862380649,-2.0118833521853423
2021-09-01,0.0311640060953341,0.6192801638142308,-1.8963506803961692
2021-09-02,0.2838605754404257,0.5809506719817246,-1.7733626827883182
2021-09-03,-0.0335087261181347,0.5524737395535032,-1.6819886329400813
2021-09-07,-0.3401352452320346,0.5242398208096193,-1.5913943420972225
2021-09-08,-0.1319436813816666,0.5279084355678095,-1.6031658413144854
2021-09-09,-0.4616247150002522,0.5086324502250175,-1.541314908106502
2021-09-10,-0.77525522862761,0.5345140614496078,-1.6243613401668853
2021-09-13,0.2273900346369644,0.6194938927285711,-1.8970364732399794
2021-09-14,-0.5763213966258605,0.5833508957413464,-1.781064290607609
2021-09-15,0.8438294222079725,0.6139706570088662,-1.8793140441388825
2021-09-16,-0.155234471276383,0.6542695674818171,-2.0086213234136623
2021-09-17,-0.91526302757993,0.6197037578056804,-1.8977098681734232
2021-09-20,-1.7123077726381843,0.7139152951412051,-2.2000068143235656
2021-09-21,-0.0812688658546956,0.9973940343294236,-3.1096062071229644
2021-09-22,0.9474585224220085,0.9204236855129817,-2.8626311332691605
2021-09-23,1.206168036993597,0.9193065782339862,-2.8590466665625005
2021-09-24,0.1459942811364263,0.964526711706937,-3.0041446942561882
2021-09-27,-0.2780243920187674,0.8884620533524094,-2.7600757131011897
2021-09-28,-2.0574317739894057,0.83397012900105,-2.5852272519982304
2021-09-29,0.1567954336283807,1.1749932930696245,-3.6794696768643447
2021-09-30,-1.1981202945014902,1.0778537883058192,-3.367777749621345
2021-10-01,1.142595211333416,1.1238464493699205,-3.5153545897644016
2021-10-04,-1.3070952048643705,1.119043119434695,-3.4999421253058403
2021-10-05,1.0469517498601526,1.1779984265923336,-3.6891122611208043
2021-10-06,0.4094399349624824,1.1500333803715053,-3.599380702645149
2021-10-07,0.8264039225065405,1.0631827327862187,-3.320702673618927
2021-10-08,-0.1915556602421452,1.0229128164860186,-3.1914884280651394
2021-10-11,-0.6889441644339833,0.9477995064516538,-2.9504720421659223
2021-10-12,-0.2419705686554925,0.9305521149876445,-2.8951302664547636
2021-10-13,0.3017955870231918,0.8686080319505806,-2.696370033220417
2021-10-14,1.6919162285711566,0.8069087794519499,-2.4983953887386354
2021-10-15,0.7432520637190081,0.9973283843246478,-3.109395555683451
2021-10-18,0.3369087801803826,0.9563158311179358,-2.977798408042657
2021-10-19,0.7366142784235753,0.8866391517885356,-2.754226561378627
2021-10-20,0.3657333598560688,0.8606471863008234,-2.670826035141672
2021-10-21,0.2991393168360022,0.8031287855746158,-2.4862665068850807
2021-10-22,-0.1073129224664356,0.7486237787416119,-2.311376067969625
2021-10-25,0.4736959440853509,0.6998678921343158,-2.154932854695887
2021-10-26,0.1818141432244113,0.6706260950244943,-2.061104580407576
2021-10-27,-0.506437037110553,0.6269399531539913,-1.920928677858587
2021-10-28,0.9781288424184026,0.6368030810485559,-1.952576536776296
2021-10-29,0.1947437231717556,0.6994218201952862,-2.1535015418360652
2021-11-01,0.1798458945902388,0.6527563130056339,-2.003765737571038
2021-11-02,0.3673607120388547,0.6111033098894809,-1.8701135756797425
2021-11-03,0.644049461289024,0.5844783706706054,-1.7846820240361807
2021-11-04,0.4173222342817035,0.5953233761071796,-1.8194804374489917
2021-11-05,0.3725850045284445,0.5753367284010226,-1.7553491990017047
2021-11-08,0.0887394060702519,0.5541104837890675,-1.6872404608799842
2021-11-09,-0.3504910926400127,0.5231599108893893,-1.5879292307081563
2021-11-10,-0.8259842163861059,0.5284793336007295,-1.6049976841736058
2021-11-11,0.0550788332988928,0.6275914932732285,-1.9230192773107353
2021-11-12,0.7196697564130407,0.5879466319494276,-1.7958106482226732
2021-11-15,-0.0010739878017001,0.6107333816198919,-1.8689265853242714
2021-11-16,0.3857779057126637,0.5741478996469469,-1.751534599303871
2021-11-17,-0.2605015482895879,0.5542607920361955,-1.6877227555688625
2021-11-18,0.3379064740171914,0.5429935057599119,-1.6515693678941705
2021-11-19,-0.1399644604988097,0.5234679240143191,-1.5889175536850844
2021-11-22,-0.3202258316960725,0.5054379195871075,-1.5310646045499003
2021-11-23,0.1655761383195201,0.5097369498075824,-1.5448589204459293
2021-11-24,0.2291223776667279,0.48541947704360505,-1.4668313458776527
2021-11-26,-2.298701115932116,0.4668382029045182,-1.4072095353575678
2021-11-29,1.3113836082824228,1.0827383102433277,-3.3834507351905487
2021-11-30,-1.9143381187850563,1.1147216839151075,-3.486075917434679
2021-12-01,-1.1885541457955926,1.315899974166931,-4.131597522270027
2021-12-02,1.4094638396057768,1.3152259625168663,-4.12943481832477
2021-12-03,-0.848445514173865,1.321287861637448,-4.148885658888977
2021-12-06,1.166259930968614,1.2700684545275156,-3.9845377372770976
2021-12-07,2.0495603186252547,1.2450498064212518,-3.904260298512953
2021-12-08,0.3080535586585806,1.3980577014649989,-4.395217358727966
2021-12-09,-0.7206988232523656,1.281973271917985,-4.022736773651988
2021-12-10,0.9503769118209724,1.220819013732462,-3.82651085465735
2021-12-13,-0.9178158342793816,1.173717419263435,-3.6753757753508767
2021-12-14,-0.7498722854623672,1.154021904171264,-3.612178695315837
2021-12-15,1.6216267351890876,1.1139967080887405,-3.48374968452795
2021-12-16,-0.8781863311112446,1.2019685047824464,-3.7660251492954773
2021-12-17,-1.034096458405368,1.1721322317636453,-3.6702893777204553
2021-12-20,-1.145339832325659,1.1708705046576289,-3.666240868781839
2021-12-21,1.7621755385195486,1.188788969110264,-3.723735919143245
2021-12-22,1.0128728029127596,1.2898552447900877,-4.0480276923256655
2021-12-23,0.6204412685251626,1.2409006035218604,-3.8909467341564308
2021-12-27,1.3744051573605864,1.1577610641144267,-3.6241765531573815
2021-12-28,-0.1010665398887373,1.1867644352557345,-3.7172397890628894
2021-12-29,0.1400913401857678,1.0909941467426594,-3.4099412716178934
2021-12-30,-0.2994233841904309,1.0020575945367536,-3.124570191882521
2021-12-31,-0.2629634373474439,0.9358264704919855,-2.912054112588323
2022-01-03,0.6353824170388397,0.8746828025447277,-2.7158621745346307
2022-01-04,-0.0629820252203269,0.8383223566057104,-2.599192262559024
2022-01-05,-1.9583264304501071,0.7776967849427211,-2.4046627421770475
2022-01-06,-0.0964233740180988,1.1112211646638621,-3.474843786959803
2022-01-07,-0.4058441082336512,1.0229792431873053,-3.1917015716939314
2022-01-10,-0.1442070537538897,0.9627349681018067,-2.998395519203605
2022-01-11,0.9118286452399372,0.8918467276414134,-2.770936131370715
2022-01-12,0.281379201466707,0.8900222113028238,-2.7650817983139007
2022-01-13,-1.4346029234400532,0.8251252439088064,-2.5568466329354953
2022-01-14,0.0819644269590565,0.9893719176882172,-3.0838656085627227
2022-01-18,-1.85591053980085,0.910484195162509,-2.8307382498260654
2022-01-19,-0.9736790941460196,1.1620694639462745,-3.6380009333638417
2022-01-20,-1.109874230433073,1.1528224457062735,-3.6083299880210045
2022-01-21,-1.9095995324635424,1.1678355914992518,-3.6565027304863045
2022-01-24,0.2767904758269516,1.3522442262536347,-4.248215472965314
2022-01-25,-1.2246590556866266,1.2398247640598803,-3.8874946836634416
2022-01-26,-0.1497756925885658,1.2589972302579073,-3.949013454567151
2022-01-27,-0.5398635199970924,1.157527998552196,-3.6234287147321984
2022-01-28,2.4055967914736693,1.0931937196243195,-3.416999050142327
2022-01-31,1.8709826222984445,1.3857134710182495,-4.355608375877638
2022-02-01,0.6839560348317066,1.4651673378941603,-4.610552324312189
2022-02-02,0.9378400448324454,1.3616743168513559,-4.278473843333031
2022-02-03,-2.4693471720120654,1.2940721517495195,-4.06155849897725
2022-02-04,0.5143678439863626,1.587493739902302,-5.00306155201855
2022-02-07,-0.3708580927828488,1.4606270673941881,-4.595983939742164
2022-02-08,0.836611346663433,1.3489010258506078,-4.237488132123782
2022-02-09,1.4412842079264785,1.2722207041919653,-3.991443669600426
2022-02-10,-1.828182448505601,1.2916251552932276,-4.053706811414369
2022-02-11,-1.915168263808653,1.4233286122153097,-4.476304233672435
2022-02-14,-0.3847990755628314,1.5425762283193571,-4.858934548424185
2022-02-15,1.5643717646064172,1.4230861260960601,-4.475526167467317
2022-02-16,0.08808197202838,1.4365167976969229,-4.518621218503655
2022-02-17,-2.1400504136936647,1.3135896388031216,-4.1241843397149545
2022-02-18,-0.7191961663866342,1.5144456432664635,-4.768671824819312
2022-02-22,-1.0194735435016016,1.4238321752966008,-4.477920018596166
2022-02-23,-1.858373574878844,1.3803713441140835,-4.338467071375573
2022-02-24,1.4846105252724002,1.497245442450648,-4.7134814699345124
2022-02-25,2.2126080551265788,1.4844633966519587,-4.672467667169211
2022-02-28,-0.2445591463126114,1.614926317017406,-5.09108457469135
2022-03-01,-1.559446778661305,1.4814267967414376,-4.662724116585156
2022-03-02,1.8471046780652185,1.5157679016291656,-4.772914560649456
2022-03-03,-0.5268520744245652,1.5634011528766336,-4.925755569240899
2022-03-04,-0.7965684543001903,1.4508887950496838,-4.564736705339887
2022-03-07,-2.9962586814416494,1.376186152166126,-4.325038028811349
2022-03-08,-0.7260043975698096,1.7911090359996444,-5.656402787503027
2022-03-09,2.537359812214112,1.6688498974886645,-5.264109388455813
2022-03-10,-0.4301049920247208,1.827895270731725,-5.774438929724826
2022-03-11,-1.3046278933238145,1.6815749946272267,-5.304940459821855
2022-03-14,-0.7448675095533314,1.6397073588827717,-5.170599605336054
2022-03-15,2.118262972414497,1.5365696215102893,-4.839661124526652
2022-03-16,2.2136921648393444,1.6344504684377097,-5.153731799409816
2022-03-17,1.2272205068700268,1.7307267406171083,-5.462653868719662
2022-03-18,1.1594814411888112,1.6479222556273017,-5.196958778204298
2022-03-21,-0.0434754854301459,1.568112101009869,-4.940871607832617
2022-03-22,1.1240699554074212,1.4336620045230368,-4.509461031940914
2022-03-23,-1.2348630252495207,1.3786148898919888,-4.332831129511034
2022-03-24,1.4242012281618024,1.37478454262899,-4.3205406785424305
2022-03-25,0.5053380704237665,1.3729084087963226,-4.314520720220718
2022-03-28,0.7119551020042568,1.2677093310915717,-3.976968008234919
2022-03-29,1.218204410139109,1.1890889895815175,-3.72469859605955
2022-03-30,-0.6313588999088777,1.1853444655175214,-3.7126835263414915
2022-03-31,-1.577633522688176,1.1269488140995052,-3.5253091601930464
2022-04-01,0.3404420961463028,1.242424262728579,-3.8958357057005872
2022-04-04,0.8058382532133648,1.1429673298700518,-3.576707837427753
2022-04-05,-1.2631159074005371,1.0893812689874194,-3.404766024151268
2022-04-06,-0.9764433912479722,1.1458315137057336,-3.5858981558455025
2022-04-07,0.4244365552037262,1.1397493667283498,-3.566382345900152
2022-04-08,-0.2654546675552394,1.0547798673682924,-3.2937403648976162
2022-04-11,-1.7021334584696128,0.9803483248931761,-3.054911569361255
2022-04-12,-0.3423300530452235,1.166903199541203,-3.653510960587366
2022-04-13,1.1112603268901935,1.0850363970120884,-3.3908246156284645
2022-04-14,-1.2218480383508163,1.0818243458296548,-3.380518093828809
2022-04-18,-0.0204889272406506,1.1316491977563325,-3.540391300505995
2022-04-19,1.5930044749386651,1.0394696822217733,-3.2446145110406404
2022-04-20,-0.0618666406182575,1.138988347499579,-3.563940460380339
2022-04-21,-1.4862855551311067,1.0469622024971936,-3.2686557915704455
2022-04-22,-2.813207637736697,1.1616429473385763,-3.6366323677758468
2022-04-25,0.5681765144111809,1.6035276217917593,-5.054509534582013
2022-04-26,-2.855000892859775,1.4778283757783344,-4.651177848486008
2022-04-27,0.2095849024964595,1.8173380989235288,-5.740564089255614
2022-04-28,2.4445655340832175,1.6589443354567441,-5.232325370947575
2022-04-29,-3.695915978469414,1.799471674622908,-5.68323602034336
2022-05-02,0.5659199293818601,2.2667292462313497,-7.182527306289731
2022-05-03,0.4825465075359521,2.0748723191989247,-6.566915197837454
2022-05-04,2.942522155732583,1.8985048184659978,-6.001004075064671
2022-05-05,-3.630067756409906,2.093778387012715,-6.627579175153333
2022-05-06,-0.569038441395277,2.449676289056736,-7.76955023275311
2022-05-09,-3.256151953960419,2.248096654596222,-7.122740833109679
2022-05-10,0.2454881760409255,2.470763685613933,-7.837213448552201
2022-05-11,-1.6600232095697796,2.251587733770948,-7.133942673172319
2022-05-12,-0.129680499411244,2.1753323919062106,-6.8892618450562395
2022-05-13,2.358926795686944,1.984781206607118,-6.277839475457723
2022-05-16,-0.3954208517722458,2.0376430530387575,-6.447457498855764
2022-05-17,1.996891958146264,1.868657536213895,-5.905232978117612
2022-05-18,-4.123380929124887,1.8774409920953614,-5.9334164890198435
2022-05-19,-0.585086477734781,2.440783267639012,-7.741015158465429
2022-05-20,0.0146131091990306,2.2409021236141937,-7.099655712047445
2022-05-23,1.838499541206076,2.0424022447436094,-6.462728336793543
2022-05-24,-0.815395090355808,1.996965337659363,-6.31693474672444
2022-05-25,0.9406385648931586,1.8589802697131563,-5.874181493416371
2022-05-26,1.9688166007720864,1.7318288711919312,-5.466190279614234
2022-05-27,2.4441130195822014,1.7605414577910856,-5.558320473967012
2022-05-31,-0.6294135193666944,1.8774657280055662,-5.933495859236344
2022-06-01,-0.751090504115545,1.7382828535834614,-5.486899199377617
2022-06-02,1.8263225415545103,1.6242059598337815,-5.120860202646172
2022-06-03,-1.6482405609817057,1.6472066397486043,-5.1946625786000356
2022-06-06,0.3132489407036025,1.666579469265235,-5.256824256105712
2022-06-07,0.947833153171984,1.5244696406694946,-4.800835866388462
2022-06-08,-1.0852623040155318,1.4373116928264327,-4.521171801765072
2022-06-09,-2.408645766515553,1.4010405257588454,-4.404788359270299
2022-06-10,-2.9542414811409476,1.6450277392461383,-5.187671131623487
2022-06-13,-3.953993199003994,1.958448457234151,-6.193345474570813
2022-06-14,-0.3780818039489633,2.444590467012448,-7.753231334705879
2022-06-15,1.4487058836534477,2.235322162009999,-7.0817512663681885
2022-06-16,-3.3052207113840666,2.11277291974658,-6.688527010220993
2022-06-17,0.2198447341013387,2.3818610139654544,-7.551951081500367
2022-06-21,2.4182474960671994,2.1706765633432465,-6.874322668855663
2022-06-22,-0.1302420095357445,2.19929227152273,-6.9661420090260044
2022-06-23,0.948707248555652,2.0064971866746095,-6.347519629743717
2022-06-24,3.0105539729901034,1.8635665049801955,-5.888897365322956
2022-06-27,-0.2977499890340672,2.0837791030191926,-6.595494431602607
2022-06-28,-2.03486731494949,1.9064347282719227,-6.026448809174463
2022-06-29,-0.0711998820172695,1.9476460185690612,-6.158683645332203
2022-06-30,-0.8797866246367652,1.777541645609265,-5.61286904632617
2022-07-01,1.0498511296639172,1.6708820510040292,-5.270629967773134
2022-07-05,0.1582875106193491,1.5761018973998957,-4.966508500270373
2022-07-06,0.3566795705066178,1.4400902629175523,-4.530087411009598
2022-07-07,1.4853723180930392,1.321384439071562,-4.149195547297821
2022-07-08,-0.083061639612735,1.3395137087621227,-4.207367009290538
2022-07-11,-1.1594417660525544,1.2280437841117333,-3.84969300499751
2022-07-12,-0.928686849749371,1.237962232505238,-3.8815183710270023
2022-07-13,-0.446686411181668,1.2097852961998665,-3.7911069199682474
2022-07-14,-0.3003138812764307,1.1308349231751271,-3.5377785343184582
2022-07-15,1.901923165863364,1.050194743531646,-3.27902805924229
2022-07-18,-0.8398742485835936,1.2207078997456826,-3.8261543227523633
2022-07-19,2.725351764373082,1.1828037032415417,-3.7045309720085045
2022-07-20,0.5878493941057167,1.5356696009359756,-4.836773224819439
2022-07-21,0.9813066689504668,1.4181594046302435,-4.459717776098597
2022-07-22,-0.9376287293813848,1.3480596728712777,-4.2347884793691515
2022-07-25,0.1314302973305868,1.3046154423654903,-4.095388798808051
2022-07-26,-1.161034259926336,1.1945551387803588,-3.7422378514070758
2022-07-27,2.5820048778629068,1.2108565635846962,-3.794544300018537
2022-07-28,1.2060319791912806,1.5128297218084488,-4.763486811011114
2022-07-29,1.4107775781753558,1.4571784125789815,-4.584918226895868
2022-08-01,-0.2827076544916728,1.4393295008870788,-4.527646350763016
2022-08-02,-0.668468837887098,1.3251231044506542,-4.1611918182296055
2022-08-03,1.5517456270090708,1.2527607292412957,-3.9290023681832213
2022-08-04,-0.0777642449583773,1.2963683972518059,-4.06892647133588
2022-08-05,-0.1627069018919119,1.1890272185519417,-3.7245003911036663
2022-08-08,-0.1238317122120914,1.0951644751521519,-3.4233226214852985
2022-08-09,-0.4257744235926498,1.0094950038917014,-3.148434637775831
2022-08-10,2.10671584604075,0.9527040791854731,-2.9662093648074643
2022-08-11,-0.0705722922201817,1.2092183420436313,-3.7892877318424167
2022-08-12,1.7174046951492667,1.11036063995296,-3.4720826177914663
2022-08-15,0.3961684056233163,1.2204688058690465,-3.825387141250029
2022-08-16,0.1873922825947862,1.1255883548038266,-3.5209438488726232
2022-08-17,-0.726411486764802,1.0337669077639404,-3.2263159952543377
2022-08-18,0.2266989606384797,1.008421435998077,-3.144989876073539
2022-08-19,-1.2983928713038868,0.9292853875236702,-2.891065712847065
2022-08-22,-2.1632366466494566,1.0306757247643705,-3.216397303688641
2022-08-23,-0.2240370434437464,1.3278113708773134,-4.169817669735699
2022-08-24,0.2911916698724165,1.2223017947414365,-3.8312686601607893
2022-08-25,1.3993241836107049,1.1232125006214067,-3.5133204358156243
2022-08-26,-3.4268576317039523,1.163733897630461,-3.6433416085510753
2022-08-29,-0.6688675197324806,1.80176871548871,-5.690606544788164
2022-08-30,-1.1089416492117008,1.6737314848525164,-5.279772957846492
2022-08-31,-0.7847738208153028,1.6063658908849376,-5.063616700259232
2022-09-01,0.2991752267194871,1.511033077206997,-4.757721910111537
2022-09-02,-1.0794552570724387,1.3836375656864799,-4.34894740992762
2022-09-06,-0.4103464690895143,1.3547874567681488,-4.256375947145408
2022-09-07,1.8174848666169876,1.2568685449432573,-3.9421831332696478
2022-09-08,0.6588966880442448,1.3540120672374205,-4.253887951578781
2022-09-09,1.515601498121106,1.2610298850677861,-3.9555356423902346
2022-09-12,1.0528651483995637,1.2961439328593425,-4.0682062315193965
2022-09-13,-4.4199163031974065,1.2514424722468374,-3.924772471559769
2022-09-14,0.3381289078844715,2.1861186964468136,-6.923871904663453
2022-09-15,-1.1382272168149512,1.9950910600785086,-6.310920744565531
2022-09-16,-0.7208049775663176,1.8886508931821304,-5.96938574460164
2022-09-19,0.6833697724705768,1.7550733221685921,-5.540774844773767
2022-09-20,-1.1336114736600402,1.6203864919696562,-5.108604660449343
2022-09-21,-1.726467409850635,1.5637629498965695,-4.9269164688222675
2022-09-22,-0.8463293830453985,1.6135074449993878,-5.086531834229243
2022-09-23,-1.7382828767330778,1.5235573488287324,-4.7979085918182784
2022-09-26,-1.0394360890280503,1.5837135491143777,-4.990932038337178
2022-09-27,-0.2122610954824728,1.520024600705583,-4.786573048429974
2022-09-28,1.9481144181152357,1.3947093711813403,-4.384473557617417
2022-09-29,-2.13527948230975,1.488344293600997,-4.684920317122682
2022-09-30,-1.5181351546209298,1.64153344479702,-5.17645897469672
2022-10-03,2.555457753093017,1.6394789680926523,-5.169866766871312
2022-10-04,3.0125341416799833,1.8099794308109898,-5.716952300709688
2022-10-05,-0.2019987558938117,2.044847310142739,-6.470573828165389
2022-10-06,-1.02979229113952,1.8682972667223223,-5.904076979922766
2022-10-07,-2.8403196531478057,1.7659961426932755,-5.5758229437788644
2022-10-10,-0.7520673133652772,2.0151004151782907,-6.375124844319852
2022-10-11,-0.6540518412323781,1.8700491225920783,-5.9096981670353
2022-10-12,-0.3296199650166294,1.7334363353084032,-5.471348156315947
2022-10-13,2.5634259307631133,1.5917120096019581,-5.016596731300281
2022-10-14,-2.394712074452842,1.7762759778261568,-5.608807892920812
2022-10-17,2.6135524557561847,1.9182550612104288,-6.06437675994192
2022-10-18,1.136276820708746,2.03595718217119,-6.442048038090315
2022-10-19,-0.6694455239684375,1.9058102274878193,-6.024444970947829
2022-10-20,-0.7982686738766697,1.7664515500256104,-5.577284211153464
2022-10-21,2.3447759860447266,1.6533445089529644,-5.214357184683567
2022-10-24,1.1811940205111493,1.773263748039059,-5.599142538851711
2022-10-25,1.6135770015874955,1.679698061487486,-5.298917936760258
2022-10-26,-0.7415140398989886,1.6573398095022107,-5.227176921938122
2022-10-27,-0.6101185053184452,1.551819455127546,-4.8885933281842195
2022-10-28,2.4328036770856336,1.4470496944892808,-4.55241816763001
2022-10-31,-0.7482327030336412,1.6385122705241293,-5.16676492041938
2022-11-01,-0.4109663720359005,1.5358280267010727,-4.837281566221509
2022-11-02,-2.5319843737482883,1.4185763534779556,-4.461055641575894
2022-11-03,-1.0642422531956597,1.6895460710038517,-5.33051728527585
2022-11-04,1.3526823285563951,1.6144502306500832,-5.0895569544123935
2022-11-07,0.956806167935914,1.5637781647894524,-4.926965288911448
2022-11-08,0.5582282828760321,1.4726958880870373,-4.6347092141858734
2022-11-09,-2.0996784712303445,1.3600468593953046,-4.273251813920631
2022-11-10,5.395251566479769,1.5381195490260382,-4.8446343833017025
2022-11-11,0.9198312304769029,2.601343905943439,-8.256206736949988
2022-11-14,-0.8975940544918012,2.393751788268374,-7.5901050577626545
2022-11-15,0.8675376414669187,2.2186198400209785,-7.028158457316411
2022-11-16,-0.8286283111873759,2.0472049369762866,-6.4781387550533225
2022-11-17,-0.3094104644229283,1.9046921354147752,-6.020857344328467
2022-11-18,0.4747295648158209,1.745190092134039,-5.5090624840370515
2022-11-21,-0.3891249800275618,1.6007374269315853,-5.045556624893356
2022-11-22,1.3488606269828392,1.4754598585317495,-4.643577977485108
2022-11-23,0.5897266041738312,1.44526726256708,-4.546698871012623
2022-11-25,-0.0283084262202478,1.3374454424951951,-4.200730554839201
2022-11-28,-1.5564696794064814,1.225065255045612,-3.840135786569992
2022-11-29,-0.159313370162437,1.3124047058640693,-4.12038224053476
2022-11-30,3.0478643521294946,1.2058921366288675,-3.7786149228894095
2022-12-01,-0.0868009829606589,1.6465029018658957,-5.192404491970207
2022-12-02,-0.1195374663761461,1.505313025450646,-4.739367956586636
2022-12-05,-1.805624963097222,1.3785221034797448,-4.332533405369609
2022-12-06,-1.4503869422986058,1.4842454034611112,-4.671768191523887
2022-12-07,-0.1864107253381664,1.4983965068192577,-4.717174894893853
2022-12-08,0.7493634413933238,1.3743008293899504,-4.318988585888923
2022-12-09,-0.7376719464213213,1.286408730681928,-4.036968848374849
2022-12-12,1.417830729965003,1.2266028543724348,-3.8450694878346856
2022-12-13,0.7263223255457212,1.2503539944615747,-3.9212798684270407
2022-12-14,-0.6071116623835963,1.175111496243106,-3.679848955871771
2022-12-15,-2.523747790182607,1.1154309937705447,-3.488351882876249
2022-12-16,-1.1200239946011676,1.4873830821907503,-4.681836074129307
2022-12-19,-0.90483289411038,1.4484758091472958,-4.556994147580772
2022-12-20,0.1036800697890769,1.386657750408804,-4.358638289029999
2022-12-21,1.4758548669054294,1.2685437157613222,-3.9796453017460287
2022-12-22,-1.4557142498145654,1.294866437182047,-4.064107125901462
2022-12-23,0.5850952271915072,1.346473220598665,-4.2296980234569865
2022-12-27,-0.4057844034659477,1.2490060068153552,-3.9169545749393757
2022-12-28,-1.2093470442948606,1.1624508601913373,-3.6392247210592377
2022-12-29,1.731063431499432,1.1935768061532903,-3.7390986714950807
2022-12-30,-0.2543975646110833,1.2867042801672766,-4.037917179220348
2023-01-03,-0.4008572481273608,1.1868457913515742,-3.7175008367012
2023-01-04,0.7510694562138917,1.1069402243264603,-3.461107516145766
2023-01-05,-1.1713869136457158,1.052106125856968,-3.285161119546914
2023-01-06,2.258383558903089,1.0982212037391,-3.43313075903594
2023-01-09,-0.0767927325990578,1.3479371040280015,-4.234395192219154
2023-01-10,0.6953997970593733,1.2354907993881992,-3.8735882734505833
2023-01-11,1.2767571192293676,1.159231650244946,-3.628895228904318
2023-01-12,0.341008491204273,1.1705375863595997,-3.6651726324738667
2023-01-13,0.3988892144656051,1.0784498920263967,-3.3696904700738046
2023-01-17,-0.2032555430996314,0.9986902808755216,-3.1137654787305125
2023-01-18,-1.5684966977744674,0.9268218088274531,-2.883160817782943
2023-01-19,-0.7667671901812427,1.0948641703263806,-3.422359032159487
2023-01-20,1.874167355235196,1.0657929353045437,-3.3290780411422585
2023-01-23,1.1811315951328556,1.2249152081955668,-3.839654330627005
2023-01-24,-0.0711756364291819,1.209347386142188,-3.7897017961705832
2023-01-25,-0.0181741573465663,1.1104917464517468,-3.4725032997517076
2023-01-26,1.0947708029114305,1.0203930116100934,-3.18340311982764
2023-01-27,0.2491734021703855,1.0257521528281799,-3.200599018228546
2023-01-30,-1.3053569315292664,0.945429014302203,-2.942865834286098
2023-01-31,1.4536304416419528,1.044322726876894,-3.260186495324778
2023-02-01,1.039805629688473,1.1124972116292708,-3.4789382440899677
2023-02-02,1.459238462685438,1.0937343615232542,-3.4187338100202673
2023-02-03,-1.0408592637285454,1.1522050109222768,-3.606348822497887
2023-02-06,-0.6159393193939262,1.1555318514313728,-3.617023669280682
2023-02-07,1.2790364037397075,1.0993547540266146,-3.436767986491458
2023-02-08,-1.1142573012411352,1.1221868510568218,-3.510029429852204
2023-02-09,-0.8869009831037385,1.1436913996732014,-3.5790311631740694
2023-02-10,0.2192855709217127,1.1241879717915004,-3.516450434158892
2023-02-13,1.1383569951155146,1.0330988122970695,-3.2241722745903543
2023-02-14,-0.0280453855493762,1.043532797627055,-3.2576518461018216
2023-02-15,0.2769337533076689,0.9604032230772179,-2.9909136393822022
2023-02-16,-1.3884689204881606,0.887799722591254,-2.757950489672073
2023-02-17,-0.2771242172282734,1.0217558074085373,-3.1877759282940663
2023-02-21,-2.0244783973471696,0.9517575405432578,-2.9631722023850346
2023-02-22,-0.1574795485643383,1.2371466808160212,-3.8789015069777535
2023-02-23,0.5315278263237728,1.138170447289809,-3.561316060623561
2023-02-24,-1.0593464619774184,1.060052900547404,-3.3106599680807896
2023-02-27,0.3068292539552277,1.083484567506436,-3.385845253930611
2023-02-28,-0.3040619830947711,0.9990795747438002,-3.1150146075619043
2023-03-01,-0.4736464203492832,0.9335232392055232,-2.9046637249153635
2023-03-02,0.7553593731195973,0.8913193002939402,-2.7692437730782338
2023-03-03,1.601874917648306,0.8670492940454168,-2.6913685045127242
2023-03-06,0.0686930778848301,1.0149629523291417,-3.1659796663476274
2023-03-07,-1.5445590479262548,0.9335126748831616,-2.904629827130884
2023-03-08,0.1413794135603272,1.09342839318248,-3.417752048150643
2023-03-09,-1.8631857945482353,1.0042590925938149,-3.131634147725158
2023-03-10,-1.458396943606664,1.2262316268469673,-3.84387832855155
2023-03-13,-0.1510901840738767,1.2928213324221618,-4.057544989872742
2023-03-14,1.6342388235363663,1.1879893182756143,-3.7211700762312447
2023-03-15,-0.7005363929353597,1.2617895143882674,-3.9579730681056198
2023-03-16,1.7409576249031722,1.2010246781165115,-3.7629966888024584
2023-03-17,-1.10806212739537,1.294562836581997,-4.063132961411207
2023-03-20,0.8878869635940854,1.2844510784966778,-4.03068732178095
2023-03-21,1.2898647518559103,1.2213689684303546,-3.828275496551493
2023-03-22,-1.6600248639842885,1.2238238381457338,-3.8361524470730908
2023-03-23,0.2980083869182423,1.3340972461987741,-4.1899871836540505
2023-03-24,0.5623963084303207,1.224048413424153,-3.836873042689795
2023-03-27,0.1645599563767083,1.1384985745243317,-3.562368923826415
2023-03-28,-0.1575083288387886,1.0450695142987132,-3.26258271518727
2023-03-29,1.41368707750468,0.9659807526489416,-3.008810281388896
2023-03-30,0.5698999199482653,1.0436526491892946,-3.258036414301015
2023-03-31,1.4333327782036556,0.9794270097252472,-3.0519553416041934
2023-04-03,0.3692022565802823,1.0581819444252685,-3.304656623500091
2023-04-04,-0.5813839745162529,0.9790934496739833,-3.0508850460999852
2023-04-05,-0.2495481657121423,0.9429604415868692,-2.934944914892358
2023-04-06,0.3572773132803247,0.8800924016280481,-2.733219977294609
2023-04-10,0.0995807017010084,0.8198859824543353,-2.540035393223652
2023-04-11,-0.004135333298352,0.7586394562356307,-2.343513413412612
2023-04-12,-0.4143456323461385,0.7050856245561019,-2.171675014112277
2023-04-13,1.3175510497831548,0.6886700522972866,-2.1190023000955867
2023-04-14,-0.2071517584577988,0.8174450107433302,-2.5322030372856763
2023-04-17,0.3300703582614753,0.766373566972227,-2.3683298862458018
2023-04-18,0.0854854803465975,0.717715839491219,-2.2122016365630723
2023-04-19,-0.0084265547939628,0.6675934769944005,-2.0513738064995746
2023-04-20,-0.5970335188311131,0.6244688445822583,-1.912999621652021
2023-04-21,0.0902781257300886,0.6502201425640765,-1.9956279170759896
2023-04-24,0.0851216778272312,0.6077530530279786,-1.8593635927509655
2023-04-25,-1.593718381857645,0.5702755994187563,-1.7391095336838331
2023-04-26,-0.3848583503344875,0.8785808308904343,-2.7283697940708365
2023-04-27,1.9377193402696355,0.8345274264271969,-2.5870154545346304
2023-04-28,0.8219331313243468,1.084651289810808,-3.389588920572636
2023-05-01,-0.0386181048510787,1.0408388545364795,-3.2490077798609436
2023-05-02,-1.1653906680571788,0.9582171146487143,-2.983899064303821
2023-05-03,-0.7022908054892971,1.0234816051025117,-3.1933135024311214
2023-05-04,-0.7244913455062743,0.9963990922714718,-3.106413732461989
2023-05-05,1.83061663818798,0.9765642264793903,-3.0427695172647575
2023-05-08,0.0452026484882065,1.1505060967246319,-3.600897509545736
2023-05-09,-0.4589938949059595,1.0556099929483849,-3.296403992250276
2023-05-10,0.4473942241914432,0.9961869386013293,-3.1057329941106957
2023-05-11,-0.1698064889706758,0.9283397127718327,-2.888031322393233
2023-05-12,-0.1584561589439047,0.8624327799043127,-2.676555476658773
2023-05-15,0.2953797680316934,0.8032778654328128,-2.486744860037359
2023-05-16,-0.6398107681917463,0.7485793597236122,-2.3112335404844355
2023-05-17,1.1820688622071571,0.757605159296504,-2.3401946605830415
2023-05-18,0.9400723063727155,0.8349469976513872,-2.588361734442085
2023-05-19,-0.1446913880675441,0.8479177951172598,-2.629981185455828
2023-05-22,0.0155022679802391,0.7896837092084374,-2.44312523521921
2023-05-23,-1.1285468768284297,0.7323284364030352,-2.259089136190991
2023-05-24,-0.734551267830521,0.8463776308960284,-2.625039254203928
2023-05-25,0.8719456079011882,0.8532239161310248,-2.6470069577097255
2023-05-26,1.2964680931640788,0.8517921329947448,-2.6424127892895113
2023-05-30,0.0016603130665768,0.931221850459813,-2.89727924941047
2023-05-31,-0.6127358186214099,0.8590758781585329,-2.6657841722625686
2023-06-01,0.9806215085853812,0.8450902004722696,-2.620908270924279
2023-06-02,1.4429812390107408,0.8631680242707753,-2.678914658272211
2023-06-05,-0.2005591490657713,0.973201267791025,-3.0319787779320433
2023-06-06,0.2351130233850576,0.9039843004941526,-2.8098820111517724
2023-06-07,-0.3819293926420617,0.8359993475117008,-2.591738413753891
2023-06-08,0.616957160752325,0.7972572945976727,-2.46742662971211
2023-06-09,0.1147401023050523,0.7696949836895266,-2.37898732968562
2023-06-12,0.927797498175416,0.713916306114267,-2.2000100582369746
2023-06-13,0.6908570725908897,0.7486652506185112,-2.311509138951082
2023-06-14,0.0819089980126584,0.7379139369597769,-2.2770113547299964
2023-06-15,1.2104580493589998,0.6855582852747386,-2.109017560490958
2023-06-16,-0.3678376467751089,0.7885986170187558,-2.439643495460905
2023-06-20,-0.4746353835236048,0.7548088381708489,-2.331222093521216
2023-06-21,-0.5259086366925201,0.7384134676035186,-2.2786142007548276
2023-06-22,0.3703930387334525,0.7316695363388059,-2.256974920853168
2023-06-23,-0.7688288056502157,0.6897176340891232,-2.12236368008652
2023-06-26,-0.4496934363132171,0.7341169743978493,-2.2648280253886086
2023-06-27,1.139073352418076,0.7177002206833162,-2.212151520430112
2023-06-28,-0.0354139388389821,0.7954943315049434,-2.4617698028076784
2023-06-29,0.446356811449,0.7386907724590884,-2.279503989981946
2023-06-30,1.21943502618858,0.7017558076817713,-2.1609906170541495
2023-07-03,0.1169993092673641,0.8024324202938042,-2.484032076753189
2023-07-05,-0.1970258097612716,0.7431250194456115,-2.2937321764696312
2023-07-06,-0.7954061175894762,0.7003265272408792,-2.1564044790428882
2023-07-07,-0.2869212795733482,0.7476745566700961,-2.308330295216596
2023-07-10,0.2402138610626312,0.71151224928158,-2.1922961512204227
2023-07-11,0.6719583998254874,0.664945917531212,-2.0428785715940827
2023-07-12,0.7383905235389678,0.665506562443646,-2.044677515223458
2023-07-13,0.8434482989627111,0.676326587433637,-2.079395773774889
2023-07-14,-0.1024932196907483,0.7031863158973667,-2.1655806946311356
2023-07-17,0.3847969574420413,0.6595233827709348,-2.025479262074412
2023-07-18,0.7092066941428338,0.6278218653888876,-1.9237584732628603
2023-07-19,0.2355134827233639,0.6409693220141447,-1.9659447712456872
2023-07-20,-0.6779827396257692,0.6025451913760451,-1.8426531057142757
2023-07-21,0.0324042014613091,0.6485599710067107,-1.9903009177925615
2023-07-24,0.4026038496874852,0.6067627478756155,-1.856185996547966
2023-07-25,0.2810719575838704,0.583761686915083,-1.7823823979311715
2023-07-26,-0.0155450978675918,0.5547532677838569,-1.689302964519714
2023-07-27,-0.6445393055197076,0.5255552289230947,-1.5956150975045837
2023-07-28,0.9829375810433848,0.5833344630777761,-1.7810115630526313
2023-07-31,0.1467635436568791,0.6608529672979088,-2.029745505397895
2023-08-01,-0.2668645307682711,0.6175923869871225,-1.8909351039705264
2023-08-02,-1.3936200638336185,0.5974534598051486,-1.8263152457447847
2023-08-03,-0.2551225450291527,0.8307569158713959,-2.574917001853764
2023-08-04,-0.531416937393797,0.7814868743042106,-2.4168240174520066
2023-08-07,0.8983618964856572,0.7685131697491083,-2.375195238449132
2023-08-08,-0.4227205100058866,0.7868613529813306,-2.434069129220603
2023-08-09,-0.7063619102045117,0.7593147803139014,-2.345680328551634
2023-08-10,0.0250682521080863,0.7775977555246846,-2.4043449860773367
2023-08-11,-0.1070264899229486,0.721400963255853,-2.224026108297004
2023-08-14,0.573400487941905,0.6758104920728527,-2.077739776474561
2023-08-15,-1.1618139396096483,0.6611223718957348,-2.030609945035596
2023-08-16,-0.7584081792624527,0.8052012522231401,-2.492916439118069
2023-08-17,-0.7742811377529081,0.823762825877371,-2.552475036611618
2023-08-18,-0.0148717883957202,0.8415518338502123,-2.6095546994354906
2023-08-21,0.6855634859799785,0.7792122026037267,-2.4095252690396807
2023-08-22,-0.2781331046545683,0.7628992219494075,-2.357181741125
2023-08-23,1.098433071079136,0.7239756889129793,-2.232287641070339
2023-08-24,-1.354935398400801,0.7912393197744038,-2.448116729220797
2023-08-25,0.6695501060295156,0.945134617020642,-2.941921200521617
2023-08-28,0.6245078594196461,0.9029336475961377,-2.8065107768898523
2023-08-29,1.4404068712056506,0.8615651755173745,-2.6737715909049102
2023-08-30,0.3825854181192944,0.9714171554953478,-3.0262540894933934
2023-08-31,-0.1598212974339857,0.9024273283187385,-2.804886148148368
2023-09-01,0.1797512765518541,0.8388750762419283,-2.600965776322108
2023-09-05,-0.4202997821381205,0.7764688981560354,-2.4007228168098256
2023-09-06,-0.6996014491432261,0.7501388103629171,-2.316237356145089
2023-09-07,-0.3216433115732967,0.7690141827127689,-2.3768028407999657
2023-09-08,0.1425606062257059,0.7332611770378079,-2.2620820248903626
2023-09-11,0.6700951498135518,0.6817453316045711,-2.096782920414991
2023-09-12,-0.5712169023003997,0.6791389114701203,-2.0884196894423064
2023-09-13,0.1240862117534604,0.689751542116124,-2.1224724809117923
2023-09-14,0.839458553366625,0.642911199266728,-1.9721756807484558
2023-09-15,-1.2234145842493929,0.6760291698023764,-2.078441448601942
2023-09-18,0.0721027694175518,0.8317144115379443,-2.577989322125099
2023-09-19,-0.2153327361533126,0.769237565277758,-2.377519609352196
2023-09-20,-0.943920420629104,0.7245338121350136,-2.234078493341389
2023-09-21,-1.6536918318488083,0.797561497457508,-2.4684027266758064
2023-09-22,-0.2298237402760749,1.0314461230266787,-3.2188692837518227
2023-09-25,0.4014994203806617,0.9574663833757245,-2.9814901897899073
2023-09-26,-1.4844165482264944,0.8911087583686198,-2.7685682063391597
2023-09-27,0.0229287772294792,1.0482155766371402,-3.272677498312583
2023-09-28,0.5875877143000698,0.9637689600009148,-3.001713293250017
2023-09-29,-0.2713259648289315,0.9108654296507347,-2.831961518491635
2023-10-02,0.0079364406152993,0.8532235786795553,-2.647005874927812
2023-10-03,-1.3839395863449198,0.7891700013984833,-2.441476898863021
2023-10-04,0.8077047607828945,0.9513151863860089,-2.9617528187868567
2023-10-05,-0.1304881146995122,0.924912135312177,-2.877033240544119
2023-10-06,1.1745642093961115,0.8575047313146952,-2.6607428269424718
2023-10-09,0.6284068119387409,0.9097884410481326,-2.8285057807464202
2023-10-10,0.5194476099985355,0.8679148446884103,-2.6941458004099705
2023-10-11,0.4283819500095073,0.8208651960031486,-2.5431773997528615
2023-10-12,-0.6266024940654918,0.772180410620963,-2.3869623292716766
2023-10-13,-0.5031495660219892,0.7748380693685266,-2.3954899697923535
2023-10-16,1.0538642302589984,0.7590824815745189,-2.3449349506340678
2023-10-17,-0.0098249879443765,0.808786019285613,-2.5044188958902778
2023-10-18,-1.3490408251151895,0.7498670289226292,-2.3153652899232346
2023-10-19,-0.8519032328057976,0.9152511770519635,-2.846034084161121
2023-10-20,-1.2665149196155916,0.9293025432245646,-2.8911207604148697
2023-10-23,-0.1686992065434917,1.0234304392444515,-3.193149326332565
2023-10-24,0.723952351962882,0.9471487891011726,-2.948384082735255
2023-10-25,-1.4443434657238052,0.910861117518363,-2.8319476821348126
2023-10-26,-1.1903081205584871,1.0521167901975619,-3.285195338260306
2023-10-27,-0.481183857862075,1.1019540840414732,-3.445108467368335
2023-10-30,1.1938474300285915,1.0388797461968036,-3.242721580898367
2023-10-31,0.6454084821688244,1.0579150894472726,-3.303800364837993
2023-11-01,1.0451194990191868,0.9986714411318698,-3.113705027567807
2023-11-02,1.8682938934086477,0.9996797381385787,-3.116940354307619
2023-11-03,0.934988354455146,1.1764309619916369,-3.6840827310293727
2023-11-06,0.1751457724100586,1.1336656584149782,-3.546861526089615
2023-11-07,0.2836093401711954,1.0408551038861298,-3.2490599192157945
2023-11-08,0.1004411032419886,0.960048681554628,-2.989776020544918
2023-11-09,-0.8116690699068705,0.8841592933183218,-2.7462694293369285
2023-11-10,1.5495759270772258,0.8970620174070811,-2.7876704530264025
2023-11-13,-0.0836188441370084,1.0234547586902722,-3.1932273602380885
2023-11-14,1.889537047457725,0.9438469039715213,-2.93778931038081
2023-11-15,0.1595738207847176,1.1433457056100182,-3.5779219332160617
2023-11-16,0.118971939671373,1.0493763956188946,-3.2764022229391196
2023-11-17,0.1281227937177987,0.9644770177410664,-3.003985241024136
2023-11-20,0.7363103793795632,0.8882587665635343,-2.7594234259481762
2023-11-21,-0.2022975931757968,0.8619876489720715,-2.6751271832112913
2023-11-22,0.4052905094313324,0.8053999539232904,-2.493554014078091
2023-11-24,0.0596695609645032,0.7569084649159463,-2.3379591744674455
2023-11-27,-0.1956069316898358,0.7025731706102658,-2.1636132928342957
2023-11-28,0.0979638528050291,0.6647278084200748,-2.04217872399485
2023-11-29,-0.0946696615101938,0.6205965295894841,-1.9005745086568038
2023-11-30,0.3776931264994605,0.586602245474194,-1.7914969098271165
2023-12-01,0.5856558953846637,0.5642271384721453,-1.7197018122435481
2023-12-04,-0.5423188063826943,0.5698764457483978,-1.7378287676650783
2023-12-05,-0.0569031593934802,0.5971502303671888,-1.8253422722038517
2023-12-06,-0.3913851944943747,0.5642354901858121,-1.7197286104214358
2023-12-07,0.7936610684821922,0.5680118915167522,-1.7318459648566453
2023-12-08,0.4087134146503793,0.6088766326759852,-1.8629688273746108
2023-12-11,0.3916813547781492,0.5861373032165544,-1.7900050476985956
2023-12-12,0.45888127956924,0.5650681678996904,-1.7224004268162392
2023-12-13,1.355834517501981,0.553996077964785,-1.6868733664425035
2023-12-14,0.2643565185154432,0.7390126280381561,-2.2805367292982255
2023-12-15,-0.0076252400448594,0.6902545807485866,-2.124086583034417
2023-12-18,0.4518122263400515,0.6444895250927319,-1.9772400612980658
2023-12-19,0.5849267450818904,0.6208328482662633,-1.9013327853639779
2023-12-20,-1.4793147965305629,0.6165066197707053,-1.8874511982511673
2023-12-21,1.0248769307271877,0.8682441060747419,-2.6952023027703844
2023-12-22,0.1658682152761075,0.8897156974587106,-2.7640982860854764
2023-12-26,0.4222761046978559,0.8216768309147809,-2.5457816960218156
2023-12-27,0.1429435616422998,0.7724433013802482,-2.387805867928943
2023-12-28,0.0370106110327118,0.7166209322629039,-2.208688403250059
2023-12-29,-0.2830477036733835,0.6669856585255501,-2.049423496886297
2024-01-02,-0.5676660799723162,0.6414114647099793,-1.9673634763267582
2024-01-03,-0.8048618327197647,0.6586202581528035,-2.022581402409074
2024-01-04,-0.3434271663317428,0.7176641299744725,-2.2120357160246598
2024-01-05,0.182402163943398,0.6911691384515926,-2.127021128086072
2024-01-08,1.401594543635314,0.6451312323829524,-1.9792991101114303
2024-01-09,-0.1478993852317584,0.8102700654822529,-2.5091807610065664
2024-01-10,0.5649980650495912,0.756480029909549,-2.3365844533056785
2024-01-11,-0.0671280836961164,0.7288427484479616,-2.247904594956955
2024-01-12,0.0750693753033959,0.6806053988192864,-2.093125213412708
2024-01-16,-0.3738319052356834,0.6346873278402251,-1.9457877107813655
2024-01-17,-0.5632731271107821,0.6241962434360443,-1.9121249252364003
2024-01-18,0.8766720726243148,0.6440425574676781,-1.9758058744468259
2024-01-19,1.2238308232548512,0.6840645255234997,-2.104224527452198
2024-01-22,0.2191921187231685,0.7907762711591961,-2.446630943230512
2024-01-23,0.2917115340764486,0.7345598994320613,-2.266249240762039
2024-01-24,0.0811598976216865,0.6875850705154293,-2.1155209146033203
2024-01-25,0.524657813497798,0.6408546737233721,-1.9655768988049855
2024-01-26,-0.0651997755426364,0.6256467713750002,-1.9167792401818216
2024-01-29,0.7528365505246204,0.5895686220326494,-1.8010151344534573
2024-01-30,-0.0600830396978616,0.6179528212740688,-1.8920916309449631
2024-01-31,-1.6236851740733682,0.5825938104051429,-1.7786350277850071
2024-02-01,1.2416286114049784,0.8949786782879895,-2.780985634252523
2024-02-02,1.062777072263312,0.95263662575067,-2.9659929266946277
2024-02-05,-0.3191424709283971,0.9648353892170064,-3.005135149048438
2024-02-06,0.2307745931748107,0.9044038394543584,-2.8112281875336476
2024-02-07,0.8207682594008627,0.8362486805679574,-2.592538449753858
2024-02-08,0.0570420540090595,0.8298645624151352,-2.5720537036596856
2024-02-09,0.5725917128795516,0.7676719226179798,-2.37249592533006
2024-02-12,-0.0949404142652441,0.7392882267645279,-2.28142104406159
2024-02-13,-1.3768609419845443,0.6910324073942457,-2.126582398581716
2024-02-14,0.9534168304216808,0.8839628651623592,-2.7456391495074643
2024-02-15,0.580437267404004,0.8902206352696572,-2.76571848210989
2024-02-16,-0.4815043575961042,0.8460329617125835,-2.623933312781739
2024-02-20,-0.602342646581725,0.8168761458440387,-2.530377718150766
2024-02-21,0.1263401495103598,0.8082389293739277,-2.502663446247385
2024-02-22,2.090288866640342,0.748373671748451,-2.31057354863514
2024-02-23,0.0347887026502183,1.0787454901995877,-3.370638957144182
2024-02-26,-0.3793939244668484,0.9910961892331471,-3.0893982857390814
2024-02-27,0.1704895538720964,0.932431916076548,-2.901161991916598
2024-02-28,-0.1659531321112244,0.8600042259631365,-2.6687629656697647
2024-02-29,0.5215470455799964,0.8015259256337267,-2.48112340362044
2024-03-01,0.7975936433387976,0.7632309994492574,-2.358246316949177
2024-03-04,-0.1193974574963011,0.7658164207725037,-2.366542168950247
2024-03-05,-1.0245406275917994,0.715664316441662,-2.205618906141966
2024-03-06,0.5127932853001643,0.8093596054513109,-2.506259364172065
2024-03-07,1.0251402284983626,0.76920751693872,-2.3774231931235157
2024-03-08,-0.6549922992050338,0.8109517073442897,-2.511367948044264
2024-03-11,-0.11228682680281,0.8112825264231083,-2.5124294485789482
2024-03-12,1.1139512586668012,0.7556060639416069,-2.3337801551207638
2024-03-13,-0.1926384002121972,0.8186010165663768,-2.5359123179101313
2024-03-14,-0.2875221051495188,0.7664561487200006,-2.368594866638498
2024-03-15,-0.6504022859737666,0.7278952413846536,-2.244864325157794
2024-03-18,0.6298184238480455,0.7425485555570885,-2.291882474426816
2024-03-19,0.563325304434312,0.7246631319372497,-2.2344934423210825
2024-03-20,0.8864765516360184,0.7014213158862606,-2.159917331858356
2024-03-21,0.3231309094528888,0.7310222047595216,-2.254897825360423
2024-03-22,-0.1403171834326712,0.6861535057286147,-2.110927446801931
2024-03-25,-0.3059640382031929,0.6466411970234485,-1.9841441398447954
2024-03-26,-0.2803721982805726,0.6263598301017184,-1.9190672346420428
2024-03-27,0.8593595582706042,0.6063341781681123,-1.8548108431702086
2024-03-28,0.1115862700761605,0.6514528990999228,-1.999583468027311
2024-04-01,-0.2015614526957724,0.6089039696292438,-1.8630565435686228
2024-04-02,-0.7265388203672426,0.5838798517813975,-1.7827615540222335
2024-04-03,0.1090527523337897,0.6445470129116275,-1.9774245226982772
2024-04-04,-1.241103561926225,0.6027849947597422,-1.8434225638148258
2024-04-05,1.1038050135699558,0.7888615960677724,-2.440487317413795
2024-04-08,-0.0374701190041576,0.8420458296131779,-2.611139785665681
2024-04-09,0.144444947363452,0.7802300048695411,-2.41279109534336
2024-04-10,-0.9501981832212592,0.7235782364029236,-2.2310123335716234
2024-04-11,0.7417221983342437,0.7982352663286543,-2.4705646516153514
2024-04-12,-1.4657587802248535,0.7865949594230023,-2.4332143511176842
2024-04-15,-1.2094195787459194,0.9715352528145511,-3.026633028845763
2024-04-16,-0.2058624527503996,1.0430356115553765,-3.256056523114983
2024-04-17,-0.5797375076004185,0.9664859025898869,-3.0104311580757064
2024-04-18,-0.2210601700485304,0.9319464623376866,-2.899604314514176
2024-04-19,-0.8797129654056974,0.8685225183814175,-2.6960956454804066
2024-04-22,0.869335115683908,0.8965321034890026,-2.7859701160646235
2024-04-23,1.189356656772209,0.8874059123908581,-2.7566868692672974
2024-04-24,0.02129873779329,0.9361284060889039,-2.913022934576201
2024-04-25,-0.4586934270119409,0.8631651413932908,-2.678905407971406
2024-04-26,1.0157381332325344,0.8289342161289963,-2.569068497716593
2024-04-29,0.3173408076639394,0.8564803163876294,-2.657455782565521
2024-04-30,-1.5855551118928124,0.796849040915747,-2.4661166644489265
2024-05-01,-0.3441353485631687,1.0115587013497096,-3.155056432271254
2024-05-02,0.9087024725084856,0.9475577773811401,-2.9496964051061876
2024-05-03,1.2478557659508005,0.9359299899658031,-2.912386275948429
2024-05-06,1.027317369124784,0.9858676961763614,-3.0726215986290457
2024-05-07,0.1342528228825613,0.9862177470061834,-3.0737448081620315
2024-05-08,-0.0005835635193424,0.9078218460886317,-2.822195559436113
2024-05-09,0.5078032639106711,0.8381599178014328,-2.59867104450168
2024-05-10,0.1648040080166728,0.7938418353396759,-2.456467431586348
2024-05-13,-0.0241333173865208,0.7360146250657644,-2.270917024867807
2024-05-14,0.4826148527454041,0.6854998866795756,-2.1088301766792026
2024-05-15,1.164782778729962,0.6591390617414069,-2.0242460896111094
2024-05-16,-0.2083837474088046,0.7585917129965795,-2.3433602194857035
2024-05-17,0.1164095687893751,0.7146955074588062,-2.2025102847862073
2024-05-20,0.0915970308491166,0.6649908039694603,-2.0430225988925406
2024-05-21,0.2498749766892608,0.6208222980631571,-1.9012989328840115
2024-05-22,-0.2709791209352147,0.5854849927550279,-1.7879119764459845
2024-05-23,-0.7408162283471933,0.5705506263705974,-1.7399920137919165
2024-05-24,0.6976649076673259,0.6377550163500684,-1.9556310154815408
2024-05-28,0.0248770906885915,0.6471657596011573,-1.9858273059387876
2024-05-29,-0.7394317215742535,0.6056625268293354,-1.85265571276546
2024-05-30,-0.5992957535754186,0.6636823626478181,-2.038824197858701
2024-05-31,0.7995824231928896,0.6819582717885693,-2.0974661824565186
2024-06-03,0.1115460223535239,0.6999110867826274,-2.1550714535410385
2024-06-04,0.1501681003782753,0.6518345431764114,-2.00080805094042
2024-06-05,1.1778015849957282,0.6096741910759406,-1.8655279562828275
2024-06-06,-0.0199836601636851,0.7268965982665894,-2.2416599748900605
2024-06-07,-0.1115842050279066,0.6772930048791488,-2.0824967213949663
2024-06-10,0.2577529978240972,0.6372121079689447,-1.9538889831329072
2024-06-11,0.2706714855209522,0.6002268333101586,-1.8352141806821523
2024-06-12,0.8467720241887338,0.5685139090270822,-1.7334567905004958
2024-06-13,0.234191143711672,0.6199981923511896,-1.8986546215068876
2024-06-14,-0.0393938280997494,0.584071333254871,-1.783375961411312
2024-06-17,0.7635164372320518,0.5520547604316526,-1.6806442529138321
2024-06-18,0.2518154181517116,0.5906743832252441,-1.80456319492616
2024-06-20,-0.252912739541154,0.559205252227734,-1.7035880652595412
2024-06-21,-0.1563351718825249,0.5463463564935725,-1.6623276737911776
2024-06-24,-0.3069879155866442,0.5263355530514671,-1.5981189267349056
2024-06-25,0.3925873679181343,0.5251950889906806,-1.5944595150267415
2024-06-26,0.1571196224720452,0.5132417813724414,-1.556104887859179
2024-06-27,0.0906909856799073,0.4882541156288483,-1.4759268623291741
2024-06-28,-0.4092013462369599,0.4657873850587505,-1.4038377718271167
2024-07-01,0.2671990981429523,0.49173625858783077,-1.4871000287197167
2024-07-02,0.6176205771185049,0.47442716882771163,-1.431560281432845
2024-07-03,0.5071562269533664,0.503220179518303,-1.5239485328975848
2024-07-05,0.543397436096954,0.5086766300994439,-1.5414566682507278
2024-07-08,0.1016182476404432,0.5183426231685347,-1.5724719798456146
2024-07-09,0.0740797478065475,0.49194605876067743,-1.4877732153945868
2024-07-10,1.0156314878105883,0.46903751122176895,-1.4142664649730958
2024-07-11,-0.8801649969266724,0.5894292978147062,-1.800568084264063
2024-07-12,0.550186402496512,0.6838155455003183,-2.103425624230907
2024-07-15,0.2822216423352684,0.6650971379060916,-2.0433637930310176
2024-07-16,0.6369049971453274,0.6259242487101614,-1.9176695828449115
2024-07-17,-1.4025441523645543,0.6281207786511113,-1.9247175974730109
2024-07-18,-0.7847112145350073,0.8519079074923435,-2.642784275394674
2024-07-19,-0.7165879226406084,0.8661877318215581,-2.6886040062723096
2024-07-22,1.0734217246220292,0.8666242091047005,-2.6900045327204447
2024-07-23,-0.155931769394619,0.8972832861921003,-2.788380439084176
2024-07-24,-2.3421242222892857,0.8341044816882179,-2.5856583500164407
2024-07-25,-0.5155889019717259,1.2660518742818836,-3.9716497197734952
2024-07-26,1.1029420409570925,1.1863170341309222,-3.7158042112391967
2024-07-29,0.0812979571828451,1.1651613743213975,-3.647921958862458
2024-07-30,-0.4972514361367621,1.0686552459116125,-3.338262348923677
2024-07-31,1.5669980701917767,1.011288707938599,-3.154190103305952
2024-08-01,-1.3788123791990166,1.1119068182645204,-3.4770438464796647
2024-08-02,-1.855290660855327,1.1872407028304908,-3.718767990782881
2024-08-05,-3.04270413923931,1.3527155681167191,-4.249727869534067
2024-08-06,1.0300849493599515,1.7900651164501915,-5.653053158564247
2024-08-07,-0.7764715388769489,1.6788793739750916,-5.296291010782321
2024-08-08,2.278113959089888,1.574056849227206,-4.95994654581322
2024-08-09,0.4660798434381699,1.6978055889454937,-5.3570196343622305
2024-08-12,0.0043033051720097,1.5576903291802728,-4.907431225829928
2024-08-13,1.6707233419049987,1.4236103336661008,-4.477208194446749
2024-08-14,0.381643656119841,1.4560623975369262,-4.5813372648543575
2024-08-15,1.6004489931304131,1.3366589566569034,-4.198206954504997
2024-08-16,0.1987802368396151,1.3728691545741563,-4.314394765037096
2024-08-19,0.9675327436177776,1.2568664901784863,-3.9421765401375017
2024-08-20,-0.1986527237609709,1.206857844037321,-3.7817135922106666
2024-08-21,0.4230714721006796,1.1126622132146051,-3.4794676853533963
2024-08-22,-0.8972942256657219,1.0305233871278123,-3.215908497289577
2024-08-23,1.141793740166443,1.0314603953691182,-3.21891507947553
2024-08-26,-0.3158710169605814,1.0427814511313616,-3.255240997520296
2024-08-27,0.1593925112723203,0.9730521249263264,-3.031500222610545
2024-08-28,-0.5993900794735212,0.8962703746702144,-2.7851303057305943
2024-08-29,-0.0039379843436586,0.8746274807074467,-2.715684663128507
2024-08-30,1.004245707914417,0.8085265804471337,-2.5035864334254554
2024-09-03,-2.1377963372397697,0.8380577441345142,-2.598343199437689
2024-09-04,-0.1603829027380963,1.2025620460561846,-3.7679296476142565
2024-09-05,-0.3022581014674196,1.107221683260542,-3.4620106345816377
2024-09-06,-1.7410944507424406,1.0293146921529406,-3.212030152767616
2024-09-09,1.1513534435818251,1.2112170630808723,-3.7957010362300965
2024-09-10,0.4462699977793541,1.193328063352289,-3.7383005294495715
2024-09-11,1.060855564984334,1.1038302154392112,-3.45112841787708
2024-09-12,0.746735215680267,1.0896136414016129,-3.4055116384695023
2024-09-13,0.5393142234356035,1.036580585972273,-3.2353442560585206
2024-09-16,0.1255840867310285,0.9707140122170412,-3.023997910773147
2024-09-17,0.026451509389645,0.8938391044348173,-2.7773290789571816
2024-09-18,-0.2900658708313291,0.825211359446043,-2.5571229522129313
2024-09-19,1.6834356892725129,0.7793943939390983,-2.4101098671245382
2024-09-20,-0.1942913630015734,0.9767173984780652,-3.0432610008849665
2024-09-23,0.2805334425713122,0.9067740890348672,-2.8188336170815136
2024-09-24,0.2508031103345345,0.840032709522375,-2.6046802789757955
2024-09-25,-0.1862983206212128,0.7794383484742121,-2.410250904221588
2024-09-26,0.4030542158199222,0.7315212475765065,-2.2564991060935395
2024-09-27,-0.1254002900072123,0.6919708225813466,-2.129593495240411
2024-09-30,0.4227603658441509,0.6508725578298598,-1.997721324614449
2024-10-01,-0.9367848694454448,0.6235690850613307,-1.910112559587879
2024-10-02,0.0138381326986477,0.7218724966962551,-2.2255391195806813
2024-10-03,-0.1682828654458689,0.6720335945849802,-2.065620830018568
2024-10-04,0.8930255699186382,0.6361038591698297,-1.9503329406669625
2024-10-07,-0.9632263829388772,0.68115166997284,-2.094878035903027
2024-10-08,0.9642706804694384,0.7697846022619285,-2.379274889166355
2024-10-09,0.7088231016994585,0.7997726573316717,-2.475497684430597
2024-10-10,-0.2072268505982484,0.7833595937027907,-2.4228330198650627
2024-10-11,0.603360870729872,0.7363678652447169,-2.2720504680784255
2024-10-14,0.7678114574594324,0.7161306803804993,-2.207115330024776
2024-10-15,-0.7638566037513421,0.7224023616980476,-2.2272392995845727
2024-10-16,0.4668232782779766,0.7586990404658573,-2.3437046015764573
2024-10-17,-0.0171175128538166,0.7209536567463726,-2.2225908340659144
2024-10-18,0.3963686942774387,0.6719429524454337,-2.0653299862137393
2024-10-21,-0.1824432756419033,0.6395385888733433,-1.9613539719502704
2024-10-22,-0.0474966667195793,0.6088394463545512,-1.862849507472548
2024-10-23,-0.9233824267679565,0.5740690778950716,-1.7512816836254306
2024-10-24,0.2143473130556828,0.6836968627624324,-2.1030448064432097
2024-10-25,-0.029949201318627,0.6394327529953927,-1.9610143759347247
2024-10-28,0.2647934626732945,0.6002878257750087,-1.8354098874542084
2024-10-29,0.1612825944901219,0.5682554388094404,-1.7326274360533265
2024-10-30,-0.3305691672488118,0.536343956258446,-1.6302329311432402
2024-10-31,-1.8790134928745348,0.5365720172412838,-1.630964711354005
2024-11-01,0.4084158004525459,0.9584391614709974,-2.9846115468529537
2024-11-04,-0.2816044813190291,0.8923874920400434,-2.7726712843139305
2024-11-05,1.2191031029563082,0.8376967806984135,-2.5971849745801907
2024-11-06,2.4981280957186653,0.9037368919857096,-2.8090881504562666
2024-11-07,0.7403754173995657,1.2968856271422269,-4.070586109006105
2024-11-08,0.3749794035718046,1.2173447006400888,-3.815362811991902
2024-11-11,0.0968594190956923,1.1218407282551863,-3.5089188241993665
2024-11-12,-0.2896851476936499,1.0296252025141779,-3.2130264886369235
2024-11-13,0.0232200764140183,0.9595757748456109,-2.9882586028486053
2024-11-14,-0.6068108582244001,0.8841648950222261,-2.746287403547215
2024-11-15,-1.3291430866793768,0.8653974733054722,-2.6860683005313972
2024-11-18,0.3910159746206537,0.99107723652858,-3.089337472118224
2024-11-19,0.3955750520596487,0.9203883513329744,-2.8625177563408877
2024-11-20,0.0021950621335444,0.8578492671110592,-2.6618483403649873
2024-11-21,0.5326251844288491,0.7934095065636263,-2.455080216469932
2024-11-22,0.3461959591536465,0.757277005926171,-2.3391417135181056
2024-11-25,0.3015927820124541,0.7106470183830835,-2.1895198812886547
2024-11-26,0.5705697155263866,0.6670100382076745,-2.049501724072295
2024-11-27,-0.3808481083577711,0.653338688303365,-2.005634407576819
2024-11-29,0.5592120396801623,0.6407771648013391,-1.9653281956090431
2024-12-02,0.2445463880581373,0.6298109091310262,-1.930140726074065
2024-12-03,0.0451347242022181,0.5931273156894464,-1.8124339293819631
2024-12-04,0.603318162813612,0.5577151381603703,-1.6988067301415806
2024-12-05,-0.1871525839382334,0.567230849091387,-1.7293398308238173
2024-12-06,0.2492345367538312,0.5468145024943349,-1.6638298157833933
2024-12-09,-0.6163167285227462,0.5208980356621175,-1.5806715423918962
2024-12-10,-0.2968284314279252,0.5738632624142966,-1.7506212826483496
2024-12-11,0.8132626411368236,0.5636400006576626,-1.7178178607307384
2024-12-12,-0.5428731461463251,0.6094257379240505,-1.8647307436356095
2024-12-13,-0.0026466989371873,0.6286950228429783,-1.9265601771660652
2024-12-16,0.3792155008784429,0.5899962578732567,-1.802387291328677
2024-12-17,-0.3871479480655496,0.5672760089356234,-1.7294847354011902
2024-12-18,-2.993650530451818,0.5699020513387527,-1.7379109284278424
2024-12-19,-0.0865486750536793,1.3814610712301918,-4.341963683241308
2024-12-20,1.08104794023973,1.2659531442138023,-3.9713329241992135
2024-12-23,0.7260849585616372,1.229449361059448,-3.85420308551302
2024-12-24,1.0982233165126825,1.156714856638641,-3.620819582939996
2024-12-26,-0.0405741088257819,1.1395838951520032,-3.565851396574635
2024-12-27,-1.1117304964912211,1.0470062012570407,-3.268796970571578
2024-12-30,-1.0759673941729728,1.0826835898514107,-3.383275153644631
2024-12-31,-0.4294006458982307,1.104796665977913,-3.454229471683411
